feature,group,permutation_f1_drop_mean,permutation_f1_drop_std,permutation_accuracy_drop_mean,permutation_accuracy_drop_std,permutation_abs_score_change_mean,non_ai_count,ai_count,non_ai_median,non_ai_iqr,ai_median,ai_iqr,non_ai_missing_rate,ai_missing_rate,cliffs_delta_ai_vs_non_ai,standardized_coefficient,missingness_indicator_coefficient,mean_abs_linear_contribution
geometry.center_y.max,geometry_density,0.0007843137254901933,0.0015686274509803867,0.00078125,0.0015625,0.001828655225236463,128,128,0.9365234375,0.103759765625,0.9498697916666666,0.02392578125,0.0,0.0,0.252197265625,0.32003159695832234,,0.19452881781442796
geometry.aspect_ratio.iqr,geometry_density,0.00039215686274509667,0.00117647058823529,0.000390625,0.0011718750000000002,0.0017929717014666384,128,128,2.688661858974359,1.2956189961658713,1.841376879699248,0.7512152777777779,0.0,0.0,-0.620361328125,-0.22609696400388468,,0.18039792748087669
geometry.center_x.p90,geometry_density,0.00039215686274509667,0.00117647058823529,0.000390625,0.0011718750000000002,0.001598890326717299,128,128,0.7958984375,0.08527832031250004,0.813671875,0.07690429687499989,0.0,0.0,0.28265380859375,0.23965988725014703,,0.1728247190330306
layout.overlap_ratio,spacing_alignment,0.00039215686274509667,0.00117647058823529,0.000390625,0.0011718750000000002,0.001243729591905008,128,128,0.00012569746650045,0.00035831080324253583,5.7018188809519995e-05,8.119407567453872e-05,0.0,0.0,-0.47967529296875,-0.2532122968570383,,0.134628279206576
shape.compactness_mean.p90,stroke_shape,0.00019607843137254833,0.0008546860673609132,0.0001953125,0.0008513474499102876,0.002081218956997618,128,128,57.21889880381218,12.474088545984891,55.07115730562359,5.982749617567535,0.0,0.0,-0.157958984375,-0.29369930719989645,,0.1987092736011374
texture.lbp_entropy.iqr,texture,0.00019607843137254833,0.0008546860673609133,0.0001953125,0.0008513474499102878,0.000961410215297296,128,128,0.0638689653153521,0.034463931917281594,0.02665038569629,0.006558448064890827,0.0,0.0,-0.95654296875,-0.172384664843207,,0.1276659695014291
geometry.orientation.min,geometry_density,0.00019607843137254833,0.0008546860673609132,0.0001953125,0.0008513474499102876,0.0002737991339704344,128,128,0.0,0.0,0.0,0.0,0.0,0.0,0.080810546875,0.09055274912099776,,0.045719027899287126
gradient.orientation_entropy.max,edge_gradient,0.0,0.0,0.0,0.0,0.002696023444273571,128,128,2.9793740959480868,0.008868643579473812,2.9613801527456065,0.013253206578774712,0.0,0.0,-0.8173828125,-0.27924876325079384,,0.2493045937898111
texture.lbp_uniform_fraction.max,texture,0.0,0.0,0.0,0.0,0.002506302969846912,128,128,0.9239736327502286,0.03720438986901908,0.8521334134615384,0.018842784367751664,0.0,0.0,-0.92608642578125,-0.3072874825554742,,0.2693013781502529
shape.hole_count.median,stroke_shape,0.0,0.0,0.0,0.0,0.002283115505033117,128,128,2.0,2.0,3.0,1.0,0.0,0.0,0.388671875,0.28767805311055417,,0.2403983672016419
gradient.orientation_entropy.p90,edge_gradient,0.0,0.0,0.0,0.0,0.002228179942930478,128,128,2.964623666976448,0.013310570472324201,2.942441908139795,0.015237735681797648,0.0,0.0,-0.783203125,-0.2556981175872199,,0.21625112275926225
shape.compactness_mean.min,stroke_shape,0.0,0.0,0.0,0.0,0.002137122899275998,128,128,17.287506994272604,5.515697256244531,23.48408514589805,5.080217525578107,0.0,0.0,0.6417236328125,0.25665742406324965,,0.21331036734839415
gradient.orientation_entropy.mean,edge_gradient,0.0,0.0,0.0,0.0,0.002048066521287881,128,128,2.929419232116039,0.026227091283507864,2.8956899058331604,0.02002611989958325,0.0,0.0,-0.770751953125,-0.22166103307815746,,0.1883830820942754
shape.compactness_mean.iqr,stroke_shape,0.0,0.0,0.0,0.0,0.002020431324698613,128,128,15.683497883644456,4.9661755074453655,11.552309357464303,2.780468362276041,0.0,0.0,-0.6217041015625,-0.3264606058817874,,0.23976540488210835
gradient.orientation_entropy.p10,edge_gradient,0.0,0.0,0.0,0.0,0.0018293313349762297,128,128,2.8891489134188784,0.04474776000777547,2.844319228321715,0.02701274151613786,0.0,0.0,-0.7320556640625,-0.22584881140524726,,0.18147701930932725
texture.lbp_uniform_fraction.p90,texture,0.0,0.0,0.0,0.0,0.0017682781098079785,128,128,0.89604152152829,0.06273365204996917,0.8348506116187038,0.011662484976001863,0.0,0.0,-0.708984375,-0.21697319425863412,,0.17971982474017023
shape.component_aspect_median.p10,stroke_shape,0.0,0.0,0.0,0.0,0.0016899853422445161,128,128,0.6688782051282052,0.27222222222222225,0.559550104626831,0.0670995670995671,0.0,0.0,-0.5076904296875,-0.23260440975682584,,0.17329345429881401
texture.lbp_entropy.p90,texture,0.0,0.0,0.0,0.0,0.0016354569358896045,128,128,3.057625583268795,0.1189278639917406,3.200330847817752,0.02948613401300859,0.0,0.0,0.8846435546875,0.195973350001412,,0.16285743708579725
texture.lbp_entropy.max,texture,0.0,0.0,0.0,0.0,0.001623123041470581,128,128,3.114212115815847,0.1207879691436391,3.2319487591384592,0.02446447015631259,0.0,0.0,0.890625,0.2057383092742741,,0.16547888503347563
texture.lbp_entropy.mean,texture,0.0,0.0,0.0,0.0,0.0016050135788124192,128,128,2.981683522145918,0.146759215505321,3.1749375059473177,0.027741525587797966,0.0,0.0,0.931640625,0.19835955250089082,,0.17001316877671174
geometry.aspect_ratio.min,geometry_density,0.0,0.0,0.0,0.0,0.001593877477259361,128,128,0.8722826086956521,0.2858408748114629,0.5833333333333334,0.1996606334841629,0.0,0.0,-0.70648193359375,-0.23482064147880818,,0.17328823397545595
stroke.width_median.std,stroke_shape,0.0,0.0,0.0,0.0,0.001580770690039978,128,128,0.4894882236306134,0.39920125020212727,0.6777424468680209,0.19075376673274125,0.0,0.0,0.5631103515625,0.19506405883768488,,0.15472162408777232
texture.lbp_entropy.p10,texture,0.0,0.0,0.0,0.0,0.0015801769766194723,128,128,2.9001287782632557,0.19611260228104221,3.1485035476551815,0.027458758288531282,0.0,0.0,0.9476318359375,0.20054015740560024,,0.17281087888277682
texture.lbp_entropy.median,texture,0.0,0.0,0.0,0.0,0.0015689601171152486,128,128,3.0008352026658116,0.1332513976406009,3.178225850110633,0.02798992921671406,0.0,0.0,0.9237060546875,0.19905169543268833,,0.16851677308460788
gradient.orientation_entropy.median,edge_gradient,0.0,0.0,0.0,0.0,0.0015504265287523387,128,128,2.9369078911057804,0.025088922066103247,2.9096088356219987,0.020578883034872764,0.0,0.0,-0.7186279296875,-0.16398349003778587,,0.13446335605158677
texture.lbp_uniform_fraction.mean,texture,0.0,0.0,0.0,0.0,0.0015088003046528778,128,128,0.8689344478764576,0.07285398969471946,0.8228747208349765,0.011781146951193588,0.0,0.0,-0.5013427734375,-0.1863624860170337,,0.14773027981220416
layout.nearest_horizontal_gap,spacing_alignment,0.0,0.0,0.0,0.0,0.0014095480296729664,128,128,0.0068359375,0.005859375,0.0048828125,0.00390625,0.0,0.0,-0.29046630859375,-0.19734306809570873,,0.15215726258653495
geometry.orientation.max,geometry_density,0.0,0.0,0.0,0.0,0.0014065969423205597,128,128,0.0,8.849054336547852,8.295772552490234,9.339092254638674,0.0,0.0,0.1602783203125,0.2129341687319984,,0.1956048110556038
texture.lbp_uniform_fraction.median,texture,0.0,0.0,0.0,0.0,0.001365017520992801,128,128,0.8693621619608461,0.07367419075093251,0.8226180783062337,0.011082380045877138,0.0,0.0,-0.5079345703125,-0.17573804640967514,,0.13826320755659574
edge.boundary_continuity.max,edge_gradient,0.0,0.0,0.0,0.0,0.0012924873109505966,128,128,0.49950609928188405,0.5937419465112743,1.0,0.9072466335931963,0.0,0.0078125,0.2654404527559055,-0.17191787162825833,0.0067932894473905275,0.15572101105704936
gradient.orientation_entropy.std,edge_gradient,0.0,0.0,0.0,0.0,0.0012890606449439818,128,128,0.03457006951800955,0.0183027296652211,0.04966852451953675,0.01872916972617808,0.0,0.0,0.5693359375,0.12799599961934646,,0.10344279066020587
stroke.width_median.max,stroke_shape,0.0,0.0,0.0,0.0,0.0012014706188203754,128,128,4.648600101470947,1.9100000858306885,5.730000019073486,1.9099998474121094,0.0,0.0,0.34442138671875,0.14355451009612613,,0.106510867948109
stroke.width_median.p10,stroke_shape,0.0,0.0,0.0,0.0,0.0011838127178221583,128,128,2.738600015640259,1.909999966621399,1.909999966621399,0.8286000490188599,0.0,0.0,-0.385009765625,-0.16977734866607083,,0.1230707893679604
geometry.width_ratio.iqr,geometry_density,0.0,0.0,0.0,0.0,0.0011419661092677475,128,128,0.0859375,0.0399169921875,0.07373046875,0.029052734375,0.0,0.0,-0.34051513671875,-0.14813718240785692,,0.11034100972823008
shape.component_aspect_median.median,stroke_shape,0.0,0.0,0.0,0.0,0.001140000057734274,128,128,0.862781954887218,0.336622807017544,0.6271298952984999,0.08705824135874451,0.0,0.0,-0.6392822265625,-0.1736381081680325,,0.13423501394170292
shape.compactness_mean.mean,stroke_shape,0.0,0.0,0.0,0.0,0.0011390661009879513,128,128,40.84135595850937,8.560317196488874,43.07747557021145,3.6459661330373905,0.0,0.0,0.219970703125,-0.16189289799829398,,0.10959589768242979
shape.compactness_mean.median,stroke_shape,0.0,0.0,0.0,0.0,0.0011217293613349395,128,128,38.40195391434169,7.070858555900983,42.109944488073026,3.9885507558713442,0.0,0.0,0.397705078125,-0.15049795384375025,,0.10392343521256946
texture.lbp_uniform_fraction.p10,texture,0.0,0.0,0.0,0.0,0.0011150794683591648,128,128,0.8398783244818504,0.08283043727505057,0.810453081232493,0.013191241894351058,0.0,0.0,-0.3663330078125,-0.14843309942028704,,0.10735387229364762
contrast.local_ring_delta.min,contrast_sharpness,0.0,0.0,0.0,0.0,0.0010697829579436181,128,128,-56.78282302258465,20.555313813601884,-62.45084580928472,9.91632852412495,0.0,0.0,-0.2774658203125,-0.13697221795326261,,0.10194366246110223
shape.hole_count.mean,stroke_shape,0.0,0.0,0.0,0.0,0.0010613547971424192,128,128,2.566964285714286,1.8809461934461935,3.1434336023477623,0.6764952591805011,0.0,0.0,0.30841064453125,0.1617682135216176,,0.1191883150486765
layout.row_alignment_error,spacing_alignment,0.0,0.0,0.0,0.0,0.0010352965313601432,128,128,0.007200667461402899,0.001450411791550101,0.0065447972723843995,0.0009209185344655497,0.0,0.0,-0.3194580078125,-0.1270728758347529,,0.10622928384460686
shape.component_count.p10,stroke_shape,0.0,0.0,0.0,0.0,0.0010351163497801985,128,128,2.8000000000000007,1.0,3.0,0.5750000000000006,0.0,0.0,0.2294921875,0.14494272557678434,,0.10801033496425377
shape.component_aspect_median.mean,stroke_shape,0.0,0.0,0.0,0.0,0.0010345240215637323,128,128,0.9145243606958642,0.49922896504928427,0.6584240784135977,0.08117585052132148,0.0,0.0,-0.6435546875,-0.16726429170232998,,0.13167371363985564
density.region_count,geometry_density,0.0,0.0,0.0,0.0,0.0010230215572241898,128,128,77.5,47.0,78.0,16.25,0.0,0.0,-0.037841796875,-0.11040527633434544,,0.08213672684822557
stroke.width_median.median,stroke_shape,0.0,0.0,0.0,0.0,0.0009834692930765934,128,128,3.819999933242798,1.909999966621399,2.738600015640259,0.0,0.0,0.0,-0.2939453125,-0.15042898979472552,,0.12821577558860087
texture.lbp_entropy.min,texture,0.0,0.0,0.0,0.0,0.0009489900688064159,128,128,2.702522845828807,0.34986558875566764,3.087558061972119,0.05888477626763633,0.0,0.0,0.9501953125,0.14103076113915028,,0.1177081645433642
contrast.local_ring_delta.p90,contrast_sharpness,0.0,0.0,0.0,0.0,0.0009245356302224707,128,128,-21.47015779568627,10.23286111104484,-29.063482173266664,4.232838144225877,0.0,0.0,-0.6082763671875,-0.13555335709329153,,0.10530475773539529
contrast.local_ring_delta.iqr,contrast_sharpness,0.0,0.0,0.0,0.0,0.0009139681642750345,128,128,9.73069193084553,4.5430032670719225,8.327033414332348,2.1932164234411555,0.0,0.0,-0.278564453125,-0.14231425176569587,,0.10947453417704871
edge.canny_density.p10,edge_gradient,0.0,0.0,0.0,0.0,0.0009088615539061847,128,128,0.1145341678338001,0.036787000931713165,0.11678301319830489,0.01053922904203243,0.0,0.0,0.0694580078125,-0.13032745794973646,,0.08566018779803221
geometry.center_y.p10,geometry_density,0.0,0.0,0.0,0.0,0.0008938162140245457,128,128,0.21778971354166665,0.07874348958333344,0.1828776041666666,0.05230305989583334,0.0,0.0,-0.326904296875,0.12801112916174195,,0.10354390197215424
shape.hole_count.iqr,stroke_shape,0.0,0.0,0.0,0.0,0.0008786516266126723,128,128,2.0,1.25,3.0,1.0,0.0,0.0,0.23046875,0.12264489951046254,,0.0899283151718949
shape.component_aspect_median.iqr,stroke_shape,0.0,0.0,0.0,0.0,0.0008675967595096659,128,128,0.17611989459815547,0.1332167927478007,0.1428571428571428,0.03606948351893213,0.0,0.0,-0.2852783203125,0.17343874411211077,,0.10466764833860309
stroke.width_p90.min,stroke_shape,0.0,0.0,0.0,0.0,0.0008643490345450325,128,128,3.819999933242798,1.1849749237298965,2.738600015640259,1.081399917602539,0.0,0.0,-0.27587890625,-0.12147808357840456,,0.10546278936281141
geometry.center_y.min,geometry_density,0.0,0.0,0.0,0.0,0.0008444371727726214,128,128,0.1116536458333333,0.09309895833333337,0.0768229166666666,0.031087239583333315,0.0,0.0,-0.29058837890625,-0.10897870236813575,,0.09055714992823799
gradient.magnitude_mean.p10,edge_gradient,0.0,0.0,0.0,0.0,0.0008371679643262648,128,128,134.5455383300781,101.16155509948729,190.83148498535158,21.988955307006847,0.0,0.0,0.4293212890625,-0.11172733221665081,,0.09131801445712717
stroke.width_p90.std,stroke_shape,0.0,0.0,0.0,0.0,0.0008319872629977494,128,128,0.7205412186020617,0.38757554309853637,0.5976199344926709,0.2827016373422122,0.0,0.0,-0.0972900390625,0.12481937665105478,,0.08939012836008113
texture.lbp_uniform_fraction.min,texture,0.0,0.0,0.0,0.0,0.0008213156658492283,128,128,0.812202380952381,0.09405373462733668,0.7922956349206349,0.020619658119658046,0.0,0.0,-0.25518798828125,-0.10764036852054049,,0.07416001455727375
shape.component_area_median.iqr,stroke_shape,0.0,0.0,0.0,0.0,0.0008154416378323513,128,128,0.037989076688243556,0.014838592060535144,0.0284499804460659,0.006351082953344352,0.0,0.0,-0.58642578125,-0.1606537935883682,,0.09850561560453473
gradient.magnitude_p90.min,edge_gradient,0.0,0.0,0.0,0.0,0.0008063864042161676,128,128,316.1787414550781,278.0156898498535,672.584228515625,159.96969604492188,0.0,0.0,0.8338623046875,0.11703842391520433,,0.10247254253161653
shape.component_area_median.p90,stroke_shape,0.0,0.0,0.0,0.0,0.0007947302586129301,128,128,0.0884422702054281,0.05998463453363795,0.06856103372434015,0.021970450671201222,0.0,0.0,-0.3499755859375,-0.12671446876705952,,0.08576031248662462
stroke.width_median.min,stroke_shape,0.0,0.0,0.0,0.0,0.000794696351562794,128,128,1.909999966621399,1.5044749975204468,1.909999966621399,0.0,0.0,0.0,-0.3192138671875,-0.10050518575180596,,0.07780245747204413
shape.solidity_mean.mean,stroke_shape,0.0,0.0,0.0,0.0,0.0007914805150762433,128,128,0.9392147077404296,0.2333180796282358,0.8056476965651793,0.05736520543416368,0.0,0.0,-0.5704345703125,-0.1115994877844063,,0.0840955977486782
density.area_sum_ratio,geometry_density,0.0,0.0,0.0,0.0,0.0007868121343006876,128,128,0.26611328124999994,0.07943916320800787,0.21767425537109375,0.049773852030436244,0.0,0.0,-0.3826904296875,-0.13170959194044862,,0.09255510544528096
shape.hole_count.p10,stroke_shape,0.0,0.0,0.0,0.0,0.0007801174150769718,128,128,0.0,1.0,0.0999999999999996,1.0,0.0,0.0,0.05426025390625,0.1173110965384205,,0.11127548926537542
gradient.magnitude_mean.median,edge_gradient,0.0,0.0,0.0,0.0,0.0007522643516709707,128,128,175.76799774169922,122.46269607543944,234.7841453552246,23.977088928222656,0.0,0.0,0.3809814453125,-0.09742094686270973,,0.07957040318431483
contrast.local_ring_delta.max,contrast_sharpness,0.0,0.0,0.0,0.0,0.0007494014077288498,128,128,-7.005055078144011,12.613230696466736,-20.030231240334842,7.858603227290956,0.0,0.0,-0.7821044921875,-0.1296084940810979,,0.0885798706984469
geometry.center_y.mean,geometry_density,0.0,0.0,0.0,0.0,0.000748455983342563,128,128,0.5221698071344532,0.07992893003485557,0.48819715711805545,0.040414964384188845,0.0,0.0,-0.3050537109375,0.11364346548682072,,0.08735935188068478
texture.lbp_entropy.std,texture,0.0,0.0,0.0,0.0,0.0007481610455432323,128,128,0.06440095416680405,0.048997906394045096,0.0250356044067051,0.007679072390604849,0.0,0.0,-0.935791015625,-0.12262014876836426,,0.09529002411111949
geometry.width_ratio.min,geometry_density,0.0,0.0,0.0,0.0,0.0007464643567849738,128,128,0.021484375,0.005859375,0.013671875,0.00390625,0.0,0.0,-0.6927490234375,-0.07926756873181245,,0.05730486911395565
stroke.width_median.mean,stroke_shape,0.0,0.0,0.0,0.0,0.0007397696305058302,128,128,3.628994184927507,1.5154401334120555,2.840514235649362,0.7921335137876175,0.0,0.0,-0.3121337890625,-0.10958754427096394,,0.08865947505607766
texture.gray_entropy.min,texture,0.0,0.0,0.0,0.0,0.0007383624171575644,128,128,3.9024917309473164,1.4770853364794414,5.232327825406696,0.3599997660171015,0.0,0.0,0.7509765625,0.11119637980782693,,0.09239376955000031
sharpness.tenengrad_mean.min,contrast_sharpness,0.0,0.0,0.0,0.0,0.0007359936558294733,128,128,26769.404296875,46484.830322265625,99505.92578125,33006.3359375,0.0,0.0,0.7952880859375,0.0957537166320956,,0.08605230719203028
stroke.width_p90.iqr,stroke_shape,0.0,0.0,0.0,0.0,0.0007194092072761145,128,128,0.8182425469160086,1.0661249756813085,0.0,0.0,0.0,0.0,-0.4044189453125,-0.12362222164172079,,0.10936769025133157
gradient.magnitude_std.min,edge_gradient,0.0,0.0,0.0,0.0,0.0007183408428254679,128,128,139.89739990234375,116.50690269470215,274.47630310058594,46.7678337097168,0.0,0.0,0.836181640625,0.10152614145230669,,0.08596697740906865
texture.gray_entropy.std,texture,0.0,0.0,0.0,0.0,0.0007166679239240969,128,128,0.45931022984005626,0.17683473752039836,0.25433252217433533,0.04770301327289997,0.0,0.0,-0.7957763671875,-0.11475121644968177,,0.09059658942110982
geometry.height_ratio.p90,geometry_density,0.0,0.0,0.0,0.0,0.000709103696824133,128,128,0.0247395833333333,0.009814453125,0.0260416666666666,0.0027343750000000007,0.0,0.0,0.1058349609375,0.09732611888620177,,0.06874352458287482
contrast.local_ring_delta.p10,contrast_sharpness,0.0,0.0,0.0,0.0,0.0007009638324044897,128,128,-43.79774233129778,16.94998608481128,-47.007002374917874,5.93294647386243,0.0,0.0,-0.174560546875,-0.08562082947510259,,0.06674021661110015
texture.lbp_uniform_fraction.std,texture,0.0,0.0,0.0,0.0,0.0006837888955743846,128,128,0.0200692504164664,0.01395351179979075,0.0108108786801592,0.0021921148426972507,0.0,0.0,-0.7364501953125,-0.12025271951658832,,0.09214468797554479
gradient.magnitude_mean.mean,edge_gradient,0.0,0.0,0.0,0.0,0.0006817407532362625,128,128,174.23318958888942,122.28459421379185,235.7237844781872,22.820050783901763,0.0,0.0,0.4013671875,-0.09137391383389316,,0.07540170951705728
edge.boundary_continuity.p90,edge_gradient,0.0,0.0,0.0,0.0,0.0006799636586654808,128,128,0.21520119365107254,0.26405562830191553,0.4730964467005079,0.8429689433065929,0.0,0.0078125,0.2902928149606299,0.08621316024667212,0.0067932894473905275,0.07592757013320152
edge.canny_density.mean,edge_gradient,0.0,0.0,0.0,0.0,0.000677209742644044,128,128,0.1436767008720905,0.038163003539787466,0.14698719742630384,0.011942755457247961,0.0,0.0,0.0615234375,-0.09632620111367884,,0.06231422039683501
shape.solidity_mean.p90,stroke_shape,0.0,0.0,0.0,0.0,0.0006741996828781477,128,128,1.3395877962906932,0.4185296348466041,1.0055657148296875,0.10717601185729575,0.0,0.0,-0.6455078125,-0.10309758870576474,,0.08668198756461824
geometry.center_x.min,geometry_density,0.0,0.0,0.0,0.0,0.0006591877131975354,128,128,0.08935546875,0.0670166015625,0.14892578125,0.067138671875,0.0,0.0,0.4278564453125,0.1002139341973197,,0.07771916596313692
stroke.width_iqr.p90,stroke_shape,0.0,0.0,0.0,0.0,0.0006563638347117059,128,128,1.909999966621399,1.081399917602539,1.909999966621399,0.0,0.0,0.0,-0.0804443359375,0.09816487695229892,,0.07203044468146513
geometry.aspect_ratio.mean,geometry_density,0.0,0.0,0.0,0.0,0.0006549255855297102,128,128,3.8754712323568317,1.3719435160855307,3.4671285602094346,0.5270341863751802,0.0,0.0,-0.390625,-0.09256119767844771,,0.06722306183714298
texture.gray_entropy.p10,texture,0.0,0.0,0.0,0.0,0.000650876599151886,128,128,4.770820436527317,1.2468448861708952,5.5846766168467035,0.26623646938717016,0.0,0.0,0.626953125,0.09775730480110255,,0.07641783069123004
shape.component_aspect_median.min,stroke_shape,0.0,0.0,0.0,0.0,0.0006485292768808723,128,128,0.4444444444444444,0.218590029251794,0.44740259740259736,0.13277511961722488,0.0,0.0,-0.089599609375,0.08221659269456262,,0.0632697172298958
edge.canny_density.median,edge_gradient,0.0,0.0,0.0,0.0,0.0006417868596660719,128,128,0.14609751490647715,0.03719241921639249,0.14528819130602166,0.013656253763958653,0.0,0.0,-0.010498046875,-0.0938541901099323,,0.06105867839713472
geometry.height_ratio.p10,geometry_density,0.0,0.0,0.0,0.0,0.0006390268208336279,128,128,0.0169270833333333,0.005208333333333301,0.0190755208333333,0.00390625,0.0,0.0,0.16650390625,-0.07212585619997568,,0.05429289193208441
shape.compactness_mean.p10,stroke_shape,0.0,0.0,0.0,0.0,0.0006386979431083591,128,128,26.42637783979528,5.6418797808395595,31.52098385050689,3.1026430889344496,0.0,0.0,0.6644287109375,0.09323450296999658,,0.07363650237998143
geometry.aspect_ratio.p90,geometry_density,0.0,0.0,0.0,0.0,0.0006363756625153694,128,128,7.047250000000004,3.170937499999999,6.214951714951715,1.7154471389228911,0.0,0.0,-0.30291748046875,-0.09669647290507795,,0.06996355606143578
stroke.width_p90.p10,stroke_shape,0.0,0.0,0.0,0.0,0.0006233399598206251,128,128,3.819999933242798,1.5206961154937741,3.819999933242798,1.081399917602539,0.0,0.0,-0.1910400390625,-0.09252425241173383,,0.05972009460996465
shape.component_aspect_median.p90,stroke_shape,0.0,0.0,0.0,0.0,0.0006218655531882013,128,128,1.1436011904761905,0.6310696778711485,0.7860588972431077,0.08415892172086215,0.0,0.0,-0.6182861328125,-0.1208841009909156,,0.08626979297918547
geometry.area_ratio.p10,geometry_density,0.0,0.0,0.0,0.0,0.000620152364914898,128,128,0.0008754730224609,0.0007161458333333501,0.0008392333984375,0.00031979878743492503,0.0,0.0,0.05133056640625,-0.058034358888499844,,0.046561525443951396
edge.boundary_continuity.mean,edge_gradient,0.0,0.0,0.0,0.0,0.0006157405410232655,128,128,0.09305485933087776,0.11433955348697158,0.1754649358789596,0.2438331817325558,0.0,0.0078125,0.2529527559055118,0.07800621364145945,0.0067932894473905275,0.06095881651687618
shape.component_area_median.max,stroke_shape,0.0,0.0,0.0,0.0,0.0006149298587600767,128,128,0.25049019607843137,0.17687223490794918,0.2857142857142857,0.06239697802197802,0.0,0.0,0.19317626953125,0.08270352509168635,,0.06305586916269454
edge.boundary_continuity.iqr,edge_gradient,0.0,0.0,0.0,0.0,0.0006047108704164579,128,128,0.07488308835504259,0.1605048681998391,0.0643574229592885,0.32519035905952304,0.0,0.0078125,0.09928641732283465,0.10102182976704029,0.0067932894473905275,0.06975450724279628
shape.solidity_mean.p10,stroke_shape,0.0,0.0,0.0,0.0,0.0005926337159485633,128,128,0.6345150829368145,0.10794214475936348,0.6053505233466541,0.05185716276088659,0.0,0.0,-0.3267822265625,-0.10567222471036887,,0.07010951888564566
texture.glcm_homogeneity.iqr,texture,0.0,0.0,0.0,0.0,0.0005875709711072451,128,128,0.05916894924802455,0.0225411315630318,0.056547111343851195,0.011876536445403117,0.0,0.0,-0.152587890625,-0.09507839787541934,,0.06728780791280686
gradient.magnitude_std.max,edge_gradient,0.0,0.0,0.0,0.0,0.0005868445668914438,128,128,280.7265319824219,145.04351043701172,356.96897888183594,17.492294311523438,0.0,0.0,0.6175537109375,0.08284539242134509,,0.0667482811942582
density.union_coverage,geometry_density,0.0,0.0,0.0,0.0,0.000585820313627191,128,128,0.2666295369466146,0.08841784795125332,0.2192729314168294,0.0495715141296387,0.0,0.0,-0.363037109375,-0.09182890521810613,,0.06540473279230571
geometry.center_x.mean,geometry_density,0.0,0.0,0.0,0.0,0.0005843606981159711,128,128,0.474541424370168,0.045549256083208645,0.4843275282118056,0.04382045043608207,0.0,0.0,0.2425537109375,0.0860035467201343,,0.05660561605182193
shape.solidity_mean.std,stroke_shape,0.0,0.0,0.0,0.0,0.0005769085501922847,128,128,0.28507429957965025,0.13297129871097318,0.1789679251601613,0.054429487799851156,0.0,0.0,-0.66162109375,-0.07968336189621592,,0.06686361038262759
gradient.magnitude_p90.p10,edge_gradient,0.0,0.0,0.0,0.0,0.0005744142304213756,128,128,469.72193908691406,363.50406646728516,789.5579376220703,66.36832427978516,0.0,0.0,0.7762451171875,0.08172317798151575,,0.06989209181194866
texture.gray_entropy.mean,texture,0.0,0.0,0.0,0.0,0.0005735671686002189,128,128,5.368704450986325,0.874834712351249,5.905056064815799,0.28758720808477634,0.0,0.0,0.5277099609375,0.08459282812558139,,0.06253668427434378
shape.solidity_mean.max,stroke_shape,0.0,0.0,0.0,0.0,0.0005656752805458897,128,128,1.9576935983762507,0.5543471271028007,1.4368660393421382,0.41964797218402405,0.0,0.0,-0.6131591796875,-0.07427730056628933,,0.059648941565426286
geometry.area_ratio.max,geometry_density,0.0,0.0,0.0,0.0,0.0005642022976719028,128,128,0.0147933959960937,0.016100247701009127,0.0129865010579427,0.007021268208821627,0.0,0.0,-0.033203125,-0.08237532708179839,,0.060711771757483365
geometry.aspect_ratio.median,geometry_density,0.0,0.0,0.0,0.0,0.0005631034605373772,128,128,3.295634920634921,0.9128602756892232,2.8017857142857143,0.3999999999999999,0.0,0.0,-0.50213623046875,-0.08407215073955641,,0.061427899093077575
texture.gray_entropy.p90,texture,0.0,0.0,0.0,0.0,0.0005600407020568507,128,128,5.897832257001397,0.9227294679870708,6.229198655001692,0.3029899473425326,0.0,0.0,0.3511962890625,0.08528185536093154,,0.06089793242079328
edge.canny_density.p90,edge_gradient,0.0,0.0,0.0,0.0,0.0005522306818481319,128,128,0.1736458333333333,0.04852068500039139,0.17824298990429505,0.012215682630470376,0.0,0.0,0.0987548828125,-0.07671266637557027,,0.048239075954414706
geometry.aspect_ratio.std,geometry_density,0.0,0.0,0.0,0.0,0.0005471289907413454,128,128,2.5289176569848806,1.3863090302120307,2.1298972804338323,0.5663139546109399,0.0,0.0,-0.3255615234375,-0.07740049660532841,,0.05653636741781164
stroke.width_p90.p90,stroke_shape,0.0,0.0,0.0,0.0,0.0005461698287975572,128,128,5.477200031280518,1.9100000858306885,3.819999933242798,0.8286001682281494,0.0,0.0,-0.40643310546875,-0.0851189287335552,,0.061415319087461964
contrast.local_ring_delta.mean,contrast_sharpness,0.0,0.0,0.0,0.0,0.0005454009234206953,128,128,-33.251236108900976,13.836894671354223,-37.54468659225964,4.36600890915571,0.0,0.0,-0.32080078125,-0.07387824241390574,,0.05780479475821717
gradient.magnitude_p90.mean,edge_gradient,0.0,0.0,0.0,0.0,0.0005451815480006543,128,128,527.955172934551,398.91242700944895,838.7787596491719,49.256810031339114,0.0,0.0,0.728759765625,0.07328010598364702,,0.0620065194031971
gradient.magnitude_p90.std,edge_gradient,0.0,0.0,0.0,0.0,0.0005428891092442575,128,128,58.1733793630743,34.82855474754281,40.38373461639884,14.98084372459715,0.0,0.0,-0.3759765625,-0.0794079620316116,,0.06235397168743079
gradient.orientation_entropy.min,edge_gradient,0.0,0.0,0.0,0.0,0.0005411979062604517,128,128,2.8017916632723607,0.13793559695347746,2.686940857957446,0.12462535096666683,0.0,0.0,-0.5565185546875,-0.06009876753565775,,0.04645645445119445
contrast.p10_p90_range.median,contrast_sharpness,0.0,0.0,0.0,0.0,0.0005400855037956172,128,128,152.75,89.70000000000002,203.15000000000006,20.67500000000001,0.0,0.0,0.5272216796875,-0.07200210948186316,,0.060417000603893836
gradient.magnitude_mean.p90,edge_gradient,0.0,0.0,0.0,0.0,0.0005379512095302183,128,128,208.32446823120117,132.9431911468505,281.78965454101564,27.039727020263683,0.0,0.0,0.3929443359375,-0.0711277193150379,,0.05844163399766672
gradient.magnitude_p90.median,edge_gradient,0.0,0.0,0.0,0.0,0.0005346378985373345,128,128,536.0477905273438,406.784854888916,844.0325927734375,44.41850280761719,0.0,0.0,0.701171875,0.07256304585792162,,0.06162812436843372
sharpness.laplacian_variance.median,contrast_sharpness,0.0,0.0,0.0,0.0,0.0005300646527493734,128,128,1997.055950239561,7509.553062528566,7387.057049416293,2415.936352179444,0.0,0.0,0.4281005859375,-0.07678324169119578,,0.05115152789319143
texture.gray_entropy.median,texture,0.0,0.0,0.0,0.0,0.0005139280876882824,128,128,5.3989492327450925,0.9091429664553035,5.915303851312133,0.2829767226998747,0.0,0.0,0.51123046875,0.07947776170913395,,0.05761404122876155
shape.component_area_median.min,stroke_shape,0.0,0.0,0.0,0.0,0.0005133628848164722,128,128,0.0022457621858493,0.0033986857650572756,0.0051923132868496,0.0017939833477339249,0.0,0.0,0.51611328125,0.051487669816324605,,0.04057294203866744
gradient.magnitude_std.median,edge_gradient,0.0,0.0,0.0,0.0,0.0005114884041748128,128,128,215.39762115478516,162.04139709472656,328.1113967895508,19.814151763916016,0.0,0.0,0.6640625,0.06810604734593612,,0.05742590652404135
edge.canny_density.max,edge_gradient,0.0,0.0,0.0,0.0,0.0005046910011815045,128,128,0.21846590909090904,0.07444892406624418,0.23088461538461535,0.0356804653679654,0.0,0.0,0.14141845703125,-0.07248321835492952,,0.05349650382240015
shape.component_aspect_median.std,stroke_shape,0.0,0.0,0.0,0.0,0.0005017463306696738,128,128,0.2678836727651781,0.35448891474548194,0.10082105263421864,0.02557469002903774,0.0,0.0,-0.7491455078125,-0.12367819076578385,,0.07885162839774844
geometry.center_x.median,geometry_density,0.0,0.0,0.0,0.0,0.000501162639860374,128,128,0.468994140625,0.05401611328125,0.4798583984375,0.060302734375,0.0,0.0,0.12646484375,0.07750248323166865,,0.05591292950529443
texture.gray_entropy.iqr,texture,0.0,0.0,0.0,0.0,0.0005002070640822246,128,128,0.5419017812194307,0.2614741453906774,0.30631777674462635,0.06696984205276274,0.0,0.0,-0.765869140625,-0.0913408775502334,,0.06489241718828045
gradient.magnitude_std.mean,edge_gradient,0.0,0.0,0.0,0.0,0.0004927397371319122,128,128,211.13252352286077,158.14590635790339,326.9601361313645,19.805869366787476,0.0,0.0,0.6949462890625,0.0705230710269816,,0.05932385147771772
texture.glcm_homogeneity.max,texture,0.0,0.0,0.0,0.0,0.0004913258785314999,128,128,0.8440778329618104,0.07218893916272862,0.7840130995530732,0.04512764954634674,0.0,0.0,-0.7049560546875,-0.07345412457698294,,0.05739952285792585
shape.component_aspect_median.max,stroke_shape,0.0,0.0,0.0,0.0,0.0004910174830514828,128,128,2.037719298245614,2.6964568040655,0.9523809523809523,0.1333333333333333,0.0,0.0,-0.751953125,-0.1211883380508004,,0.07060428614334505
gradient.magnitude_std.p90,edge_gradient,0.0,0.0,0.0,0.0,0.0004896083049814896,128,128,238.39822845458986,163.9760841369629,344.47894287109375,17.482028198242233,0.0,0.0,0.647216796875,0.06562152922050692,,0.054657750571247
geometry.center_y.median,geometry_density,0.0,0.0,0.0,0.0,0.0004880268068771693,128,128,0.5104166666666666,0.08349609375000006,0.4716796875,0.045654296875,0.0,0.0,-0.35565185546875,-0.06390088736620748,,0.04992995527356377
gradient.magnitude_std.p10,edge_gradient,0.0,0.0,0.0,0.0,0.0004819129948383801,128,128,189.36406478881835,148.07905311584477,306.16520996093755,25.293775939941384,0.0,0.0,0.722412109375,0.07110616934617159,,0.060452924192700236
geometry.area_ratio.median,geometry_density,0.0,0.0,0.0,0.0,0.00048180092506742945,128,128,0.0020511945088704,0.0011935234069824002,0.00191688537597655,0.0004927317301432501,0.0,0.0,-0.05767822265625,-0.04728744758664422,,0.03399569023406883
sharpness.laplacian_variance.mean,contrast_sharpness,0.0,0.0,0.0,0.0,0.0004788263069163218,128,128,1990.993598331086,7447.876804453223,7471.926977260246,2392.3841224760763,0.0,0.0,0.43017578125,-0.07299407657375702,,0.04869555577125337
sharpness.laplacian_variance.p10,contrast_sharpness,0.0,0.0,0.0,0.0,0.0004772113224815361,128,128,1424.1811522588591,5684.847840531015,5688.694321917943,1704.5539006758627,0.0,0.0,0.4522705078125,-0.07701462255467147,,0.05105010975545322
texture.lbp_uniform_fraction.iqr,texture,0.0,0.0,0.0,0.0,0.00047624508815648545,128,128,0.0257967554982281,0.020103668405994625,0.0126581448969424,0.0038142548883999504,0.0,0.0,-0.74365234375,-0.08418366472943929,,0.0660905314049737
geometry.height_ratio.iqr,geometry_density,0.0,0.0,0.0,0.0,0.0004736348787742031,128,128,0.0026041666666666,0.0021158854166667,0.0026041666666666,0.0017089843750000252,0.0,0.0,0.17449951171875,0.08235921570085127,,0.06135926413586472
shape.component_area_median.mean,stroke_shape,0.0,0.0,0.0,0.0,0.00046972589414768574,128,128,0.0446262642523714,0.023785452757039006,0.043141251735135444,0.008822891660073502,0.0,0.0,-0.049560546875,-0.06307079462791843,,0.043486972136774715
stroke.width_p90.mean,stroke_shape,0.0,0.0,0.0,0.0,0.0004687459634690973,128,128,4.591773953832675,1.355546363537261,3.9112934801728123,0.21549298789470406,0.0,0.0,-0.421142578125,-0.0707589834106823,,0.04740681453180698
geometry.area_ratio.std,geometry_density,0.0,0.0,0.0,0.0,0.000468472134697255,128,128,0.0024576186159314,0.002647479997090275,0.00239252615583075,0.0009123751599870997,0.0,0.0,-0.015625,-0.06293405890444384,,0.04424320439805156
shape.solidity_mean.median,stroke_shape,0.0,0.0,0.0,0.0,0.00046482378548537965,128,128,0.8542296963346483,0.22746522154298832,0.7814868714872557,0.0718427750091688,0.0,0.0,-0.40185546875,-0.06848174786588215,,0.04832215223923796
contrast.p10_p90_range.mean,contrast_sharpness,0.0,0.0,0.0,0.0,0.00046419656966451906,128,128,151.78902788388086,86.0727163114592,200.29978354978354,18.748623774778764,0.0,0.0,0.5565185546875,-0.06370755147954496,,0.0527875928166202
sharpness.laplacian_variance.iqr,contrast_sharpness,0.0,0.0,0.0,0.0,0.0004629844221191742,128,128,625.3768230574608,2102.7780346375057,1741.5874279690047,638.5622169333678,0.0,0.0,0.320556640625,-0.08024581808493275,,0.053423682575295645
stroke.width_iqr.mean,stroke_shape,0.0,0.0,0.0,0.0,0.0004624051660153253,128,128,1.2250799478097263,1.1614465448639453,1.2474952307923566,0.3356513954659075,0.0,0.0,0.03515625,0.056195892209557334,,0.04572492304235863
sharpness.tenengrad_mean.iqr,contrast_sharpness,0.0,0.0,0.0,0.0,0.00046174636418745295,128,128,23876.5986328125,26367.808959960938,32145.8515625,6701.7431640625,0.0,0.0,0.275146484375,-0.05583765817027877,,0.04463814235444126
stroke.width_median.iqr,stroke_shape,0.0,0.0,0.0,0.0,0.00045567457130917357,128,128,0.0,0.8286000490188599,0.8286000490188599,1.081399917602539,0.0,0.0,0.2366943359375,-0.07287309931630011,,0.06774187124365881
stroke.width_iqr.std,stroke_shape,0.0,0.0,0.0,0.0,0.00045096863364391186,128,128,0.5519161878061403,0.282946841788417,0.5414063040354576,0.09086334179319777,0.0,0.0,-0.0260009765625,0.06929058154153005,,0.04715487675670102
sharpness.laplacian_variance.p90,contrast_sharpness,0.0,0.0,0.0,0.0,0.00044852303148680957,128,128,2535.6960724165256,9081.54855875493,9402.726232444267,3035.84092020336,0.0,0.0,0.4232177734375,-0.07154682476914707,,0.04743397735063058
gradient.magnitude_p90.max,edge_gradient,0.0,0.0,0.0,0.0,0.00044732295714578033,128,128,718.0220336914062,403.2852478027344,915.1156005859375,46.03865051269531,0.0,0.0,0.582763671875,0.06429116658808891,,0.05192769213610852
geometry.center_y.p90,geometry_density,0.0,0.0,0.0,0.0,0.0004472533482137218,128,128,0.8516927083333333,0.09576009114583328,0.8094075520833335,0.0662516276041667,0.0,0.0,-0.25286865234375,0.07468514358407038,,0.051050160327527155
contrast.gray_std.median,contrast_sharpness,0.0,0.0,0.0,0.0,0.0004471159057726997,128,128,61.64722444442596,31.007072974427793,76.36273090720366,5.466578870565897,0.0,0.0,0.41015625,-0.0615745392082704,,0.05049796141909209
gradient.magnitude_p90.p90,edge_gradient,0.0,0.0,0.0,0.0,0.00044348364300501745,128,128,596.006069946289,422.60374908447267,882.0466766357422,44.30444641113286,0.0,0.0,0.63916015625,0.06145673180735002,,0.05148380050778065
contrast.p10_p90_range.p10,contrast_sharpness,0.0,0.0,0.0,0.0,0.00043815510802179547,128,128,122.88499999999999,78.60500000000002,175.0,24.174999999999983,0.0,0.0,0.583740234375,-0.06150327065092863,,0.05082131871065278
texture.glcm_homogeneity.min,texture,0.0,0.0,0.0,0.0,0.00043541714871345963,128,128,0.581546097144801,0.10568679259050062,0.5201467988191024,0.07495829456079156,0.0,0.0,-0.446044921875,-0.06105663098746589,,0.046242635400930446
contrast.p10_p90_range.p90,contrast_sharpness,0.0,0.0,0.0,0.0,0.0004243820785464044,128,128,189.6,88.44749999999999,223.88000000000002,17.19749999999999,0.0,0.0,0.45147705078125,-0.05915727411534014,,0.048173841503998935
texture.glcm_contrast.iqr,texture,0.0,0.0,0.0,0.0,0.0004211395983349728,128,128,1.5794121487522188,2.352965958027181,2.540955080535076,0.8127486270943352,0.0,0.0,0.2894287109375,-0.061432436245372465,,0.04468114495917804
shape.hole_count.p90,stroke_shape,0.0,0.0,0.0,0.0,0.00041351727004888963,128,128,5.0,4.0,6.0,1.4250000000000043,0.0,0.0,0.2684326171875,0.0635844667401752,,0.04639289886633919
contrast.p10_p90_range.min,contrast_sharpness,0.0,0.0,0.0,0.0,0.00040897032878624425,128,128,64.05000000000001,49.39999999999999,132.59999999999997,33.82499999999996,0.0,0.0,0.79229736328125,0.06085526526119372,,0.05266994028806665
texture.glcm_contrast.min,texture,0.0,0.0,0.0,0.0,0.00040870792036085037,128,128,1.8555826419498636,5.071769131340752,7.260281824665785,2.351360447012423,0.0,0.0,0.6483154296875,0.05447505188637289,,0.04843654065213339
geometry.center_x.std,geometry_density,0.0,0.0,0.0,0.0,0.00040711386372784984,128,128,0.2322061418036958,0.038610813173173636,0.2141830404772817,0.03855598732174892,0.0,0.0,-0.2025146484375,0.05768152347169711,,0.043884820347879966
stroke.valid_fraction.median,stroke_shape,0.0,0.0,0.0,0.0,0.00040111335280521986,128,128,0.056916947032436105,0.01909213880305463,0.0611111111111111,0.007276933433047819,0.0,0.0,0.2027587890625,-0.06686953407500103,,0.04292285039086071
geometry.width_ratio.p10,geometry_density,0.0,0.0,0.0,0.0,0.00039998804335225564,128,128,0.046875,0.023779296874999994,0.0466796875,0.015795898437499997,0.0,0.0,0.0718994140625,0.043456184525592065,,0.035574730447689225
edge.canny_density.iqr,edge_gradient,0.0,0.0,0.0,0.0,0.0003986561009443732,128,128,0.030969414937760648,0.01041720990082097,0.0294328672806285,0.006103197264438497,0.0,0.0,-0.1953125,-0.06045273685620623,,0.04205141783393447
geometry.area_ratio.iqr,geometry_density,0.0,0.0,0.0,0.0,0.00039844456770729314,128,128,0.00224463144938145,0.0013804435729980252,0.0018339157104491498,0.0008425712585449249,0.0,0.0,-0.1072998046875,-0.05618851863000368,,0.03798795501583992
stroke.width_p90.median,stroke_shape,0.0,0.0,0.0,0.0,0.0003959873753117876,128,128,4.648600101470947,0.8700301647186288,3.819999933242798,0.0,0.0,0.0,-0.3472900390625,-0.06595776999912989,,0.04327129366627636
contrast.p10_p90_range.max,contrast_sharpness,0.0,0.0,0.0,0.0,0.00039444008166079393,128,128,216.45,58.849999999999994,236.0,15.175000000000011,0.0,0.0,0.34271240234375,-0.06079050520672852,,0.045512733315215485
sharpness.laplacian_variance.max,contrast_sharpness,0.0,0.0,0.0,0.0,0.0003858484822995392,128,128,4764.888202947846,13166.637674226713,13261.76190033305,5279.365268069338,0.0,0.0,0.4287109375,-0.05709628426008027,,0.04102501687120135
gradient.magnitude_p90.iqr,edge_gradient,0.0,0.0,0.0,0.0,0.000379094254838912,128,128,54.858436584472656,34.6839485168457,43.634246826171875,13.854797363281243,0.0,0.0,-0.284912109375,-0.06154925779735356,,0.0448741274074776
gradient.orientation_entropy.iqr,edge_gradient,0.0,0.0,0.0,0.0,0.0003757717922299516,128,128,0.03410881833480035,0.018830691172523548,0.0448915256258604,0.013210930676864872,0.0,0.0,0.4451904296875,0.04478535872757519,,0.03480526353918409
shape.component_count.std,stroke_shape,0.0,0.0,0.0,0.0,0.0003751025728816517,128,128,6.787727635804734,4.527522681291004,5.512306761384673,1.5115242016810049,0.0,0.0,-0.3375244140625,-0.05738349825564806,,0.0368282369790175
stroke.valid_fraction.iqr,stroke_shape,0.0,0.0,0.0,0.0,0.00037369869423150084,128,128,0.01370521053583105,0.0069711068770342745,0.01320681550024825,0.003973103694591151,0.0,0.0,-0.1610107421875,-0.05219921382552138,,0.03752831982833621
stroke.width_std.std,stroke_shape,0.0,0.0,0.0,0.0,0.00037201950681365475,128,128,0.20127997882481735,0.12226238161053635,0.1261243480465456,0.05101959009940596,0.0,0.0,-0.4688720703125,-0.06707498855499215,,0.04355674639219945
geometry.area_ratio.mean,geometry_density,0.0,0.0,0.0,0.0,0.00037109840394181884,128,128,0.0028872796841655,0.0019683635190956747,0.0027939395057625,0.000750573347707075,0.0,0.0,-0.017578125,-0.040662833665199065,,0.028774601378967386
stroke.width_iqr.p10,stroke_shape,0.0,0.0,0.0,0.0,0.00036884597416285983,128,128,0.7871701002120973,0.8286001682281494,0.8286000490188599,0.0,0.0,0.0,0.08355712890625,0.05456281464290086,,0.0466992044488051
shape.component_count.max,stroke_shape,0.0,0.0,0.0,0.0,0.0003631486470257497,128,128,34.0,22.0,28.5,10.0,0.0,0.0,-0.3040771484375,-0.055145955782071314,,0.03367035675268345
shape.solidity_mean.iqr,stroke_shape,0.0,0.0,0.0,0.0,0.0003611339538635974,128,128,0.33837942758514483,0.21845254484605375,0.23741340967973035,0.05459821781922142,0.0,0.0,-0.46875,-0.04823311000943826,,0.03821973905465466
shape.compactness_mean.std,stroke_shape,0.0,0.0,0.0,0.0,0.00036024127813776734,128,128,12.614914441411958,5.328974665977844,9.6719223974311,1.97958496495459,0.0,0.0,-0.66943359375,-0.08811899487904486,,0.05115335214967413
geometry.aspect_ratio.max,geometry_density,0.0,0.0,0.0,0.0,0.0003575339461513371,128,128,12.21590909090909,8.253792245058122,10.939285714285713,2.883108108108109,0.0,0.0,-0.218994140625,-0.05896659742845363,,0.041917515486044096
shape.component_count.iqr,stroke_shape,0.0,0.0,0.0,0.0,0.00035531655740171457,128,128,7.0,4.5,5.0,2.0,0.0,0.0,-0.42486572265625,-0.058306548849581724,,0.042456768126257816
stroke.valid_fraction.p10,stroke_shape,0.0,0.0,0.0,0.0,0.00034830900076120305,128,128,0.04413142152489895,0.016658419312765994,0.04877712105409085,0.006013563108482223,0.0,0.0,0.282470703125,-0.06047130680572522,,0.03786164683640924
stroke.valid_fraction.mean,stroke_shape,0.0,0.0,0.0,0.0,0.0003329510022227958,128,128,0.057379410500444,0.020198378375012316,0.06199420301336325,0.006824317687290513,0.0,0.0,0.2393798828125,-0.05588406578899326,,0.035391294440379285
shape.component_area_median.p10,stroke_shape,0.0,0.0,0.0,0.0,0.0003305463767020051,128,128,0.00933033284194515,0.007877053032369252,0.01138765856443935,0.003515221723279449,0.0,0.0,0.227294921875,-0.039542767828393485,,0.03126135329487342
contrast.p10_p90_range.std,contrast_sharpness,0.0,0.0,0.0,0.0,0.00032793632420184254,128,128,22.95067965609168,11.634443856483582,19.7123308589734,5.889957356105256,0.0,0.0,-0.289794921875,-0.05074874130480259,,0.03747138909749101
shape.solidity_mean.min,stroke_shape,0.0,0.0,0.0,0.0,0.00032769396538521827,128,128,0.5255654329775366,0.09681814200773542,0.5089104161942782,0.05973329095910124,0.0,0.0,-0.13897705078125,-0.050757109908400835,,0.03521339371166417
gradient.magnitude_mean.iqr,edge_gradient,0.0,0.0,0.0,0.0,0.00032766821047594823,128,128,38.350341796875,24.201777935028076,42.97879409790039,9.597448348999023,0.0,0.0,0.188232421875,-0.045349140038048935,,0.035268383586016444
contrast.gray_std.mean,contrast_sharpness,0.0,0.0,0.0,0.0,0.0003274855542051183,128,128,61.55027338375848,29.822888648595992,76.59048303792719,5.7951043356386265,0.0,0.0,0.46337890625,-0.04533028814615683,,0.03685090429736969
stroke.width_std.max,stroke_shape,0.0,0.0,0.0,0.0,0.00032450116870156616,128,128,1.7896438651959268,0.7757402092823371,1.2403951078449187,0.418658254879966,0.0,0.0,-0.3026123046875,-0.05960619356607653,,0.03564405835108099
geometry.area_ratio.p90,geometry_density,0.0,0.0,0.0,0.0,0.0003212830537428184,128,128,0.0055367787679036,0.004086875915527326,0.0057564417521157995,0.001936976114908875,0.0,0.0,0.062255859375,-0.0373475758327178,,0.025957870567710612
sharpness.laplacian_variance.min,contrast_sharpness,0.0,0.0,0.0,0.0,0.00031718015732782917,128,128,632.7205582138135,3483.340977213298,4115.267596488148,1518.775412150866,0.0,0.0,0.51171875,-0.04618559834282974,,0.03434156167581863
geometry.width_ratio.median,geometry_density,0.0,0.0,0.0,0.0,0.00031707343187763735,128,128,0.09765625,0.03173828125,0.087890625,0.015625,0.0,0.0,-0.2900390625,-0.034295321265505975,,0.026080587785203273
stroke.width_std.p90,stroke_shape,0.0,0.0,0.0,0.0,0.0003157706977826193,128,128,1.1345878572227663,0.47813691185633345,0.888537111765693,0.05442075420444614,0.0,0.0,-0.5057373046875,-0.06415231171189052,,0.04395855226283808
texture.glcm_contrast.median,texture,0.0,0.0,0.0,0.0,0.0003078075789960966,128,128,5.084501694370093,10.60962233723264,12.240897908168188,2.2296638077523347,0.0,0.0,0.435546875,-0.039455041730390654,,0.03095105277853579
geometry.center_y.iqr,geometry_density,0.0,0.0,0.0,0.0,0.0003050029058551864,128,128,0.3703206380208333,0.10786946614583337,0.3821614583333333,0.08321126302083337,0.0,0.0,0.09088134765625,-0.044470245440145446,,0.034489941893803326
contrast.gray_std.p10,contrast_sharpness,0.0,0.0,0.0,0.0,0.00029061018020378534,128,128,53.11282006289082,28.767909682685584,69.19792243866945,5.26315795493484,0.0,0.0,0.5220947265625,-0.03959365378401979,,0.032504405520068766
stroke.valid_fraction.min,stroke_shape,0.0,0.0,0.0,0.0,0.00028907045176497753,128,128,0.029614917291191797,0.015915995612048296,0.037603650217148954,0.007284177698374174,0.0,0.0,0.3590087890625,0.04103159611870595,,0.031030062153568832
stroke.width_std.iqr,stroke_shape,0.0,0.0,0.0,0.0,0.000287441561483288,128,128,0.17220255018507674,0.1288441232110002,0.10051202656667366,0.04489777053796647,0.0,0.0,-0.5306396484375,-0.06164238165434097,,0.03921737431263078
texture.glcm_contrast.p10,texture,0.0,0.0,0.0,0.0,0.00028611715080534706,128,128,3.584066251326544,8.121543045070487,9.692393173252174,1.9128848191063579,0.0,0.0,0.4644775390625,-0.037059027165750456,,0.029832103220695558
sharpness.laplacian_variance.std,contrast_sharpness,0.0,0.0,0.0,0.0,0.0002777928312308046,128,128,610.9436102433804,1664.9821668375707,1616.5816363731878,736.2254050098879,0.0,0.0,0.3829345703125,-0.04556605866756912,,0.030612636341814117
contrast.local_ring_delta.median,contrast_sharpness,0.0,0.0,0.0,0.0,0.00027396607381045964,128,128,-33.733963785463224,14.57776752437816,-37.20930983554946,3.871470288226952,0.0,0.0,-0.25830078125,-0.03587461405941813,,0.02754785214172194
stroke.width_iqr.min,stroke_shape,0.0,0.0,0.0,0.0,0.00027222222889705536,128,128,0.0,0.0,0.0,0.0,0.0,0.0,-0.0963134765625,-0.12345242890942536,,0.06651039253270509
texture.glcm_contrast.p90,texture,0.0,0.0,0.0,0.0,0.0002654340617377511,128,128,6.858505158178147,12.621710707194199,14.958405393184506,2.455437563598128,0.0,0.0,0.4288330078125,-0.0344515262101859,,0.02695854712282525
shape.component_count.median,stroke_shape,0.0,0.0,0.0,0.0,0.0002602369499965146,128,128,6.0,3.0,6.0,1.0,0.0,0.0,-0.18719482421875,-0.04556295343497181,,0.030418688254651084
geometry.width_ratio.std,geometry_density,0.0,0.0,0.0,0.0,0.00025358530535778134,128,128,0.07596952629872505,0.06442699969252955,0.08261135554855485,0.025337493340438402,0.0,0.0,-0.0284423828125,-0.03191450890167707,,0.02482044417059149
texture.glcm_contrast.mean,texture,0.0,0.0,0.0,0.0,0.0002524899058916543,128,128,5.152073805677173,10.600101578634108,12.2983898539043,2.0935069025477233,0.0,0.0,0.441162109375,-0.03458231075971188,,0.02741425562845055
geometry.orientation.std,geometry_density,0.0,0.0,0.0,0.0,0.0002522066283845611,128,128,0.7629887933267446,1.2368893617541412,0.947490097417026,1.1945177022211229,0.0,0.0,0.07159423828125,0.04734978583704147,,0.03126922401448508
stroke.width_iqr.iqr,stroke_shape,0.0,0.0,0.0,0.0,0.00024906053692420806,128,128,0.8285999298095703,0.8286001682281494,0.8286000490188599,0.8154374659061432,0.0,0.0,0.19183349609375,0.038642051389203125,,0.03427491056252755
geometry.width_ratio.p90,geometry_density,0.0,0.0,0.0,0.0,0.000247321316009411,128,128,0.21796875,0.12451171874999997,0.23212890624999993,0.06904296874999996,0.0,0.0,0.0224609375,-0.032106430092436695,,0.02410562128776643
shape.component_count.p90,stroke_shape,0.0,0.0,0.0,0.0,0.00024369521880863418,128,128,17.0,10.825000000000017,15.0,4.6249999999999964,0.0,0.0,-0.2236328125,-0.04039479341405609,,0.027064645047705907
gradient.magnitude_std.std,edge_gradient,0.0,0.0,0.0,0.0,0.0002432197866252725,128,128,19.800483345401645,11.778695065896347,15.961809485683801,3.741620707133018,0.0,0.0,-0.293212890625,-0.04142125187395547,,0.03057417120074898
contrast.gray_std.p90,contrast_sharpness,0.0,0.0,0.0,0.0,0.00023429439148924146,128,128,73.29625536182718,29.380140677542315,83.57532121492544,6.522164338291901,0.0,0.0,0.3848876953125,-0.03021450156528987,,0.02381931573914589
geometry.width_ratio.max,geometry_density,0.0,0.0,0.0,0.0,0.00023401891089027175,128,128,0.45458984375,0.385986328125,0.43359375,0.12548828125,0.0,0.0,-0.05218505859375,-0.03191890821415068,,0.0254499745963569
edge.boundary_continuity.median,edge_gradient,0.0,0.0,0.0,0.0,0.00023014543937528937,128,128,0.03110605730537115,0.06307987986750713,0.0217406993107927,0.0297008289717106,0.0,0.0078125,-0.14499261811023623,0.06094570267582296,0.0067932894473905275,0.036309772889629985
gradient.magnitude_std.iqr,edge_gradient,0.0,0.0,0.0,0.0,0.00022955387031359833,128,128,18.612783432006836,13.156282424926754,19.050888061523438,5.94993782043457,0.0,0.0,0.00634765625,-0.03451502996243777,,0.025317848367361152
geometry.aspect_ratio.p10,geometry_density,0.0,0.0,0.0,0.0,0.00022873286976759203,128,128,1.6236111111111111,0.5238486842105263,1.501923076923077,0.4241086856983596,0.0,0.0,-0.18255615234375,-0.03261118668802834,,0.02616589786263249
shape.component_area_median.median,stroke_shape,0.0,0.0,0.0,0.0,0.00022435354675876895,128,128,0.03218806655615605,0.018539691444954053,0.0345867529461279,0.006609468215142602,0.0,0.0,0.13427734375,0.033434159763720855,,0.024112923657636745
geometry.width_ratio.mean,geometry_density,0.0,0.0,0.0,0.0,0.0002228179133387014,128,128,0.1225132642133956,0.06305807026525546,0.11820240271973145,0.019591025087141334,0.0,0.0,-0.074462890625,-0.025916841545562893,,0.01953464838884875
stroke.width_median.p90,stroke_shape,0.0,0.0,0.0,0.0,0.00022141151950379328,128,128,3.819999933242798,0.814910024404524,3.819999933242798,1.081399917602539,0.0,0.0,-0.22222900390625,-0.04269620998328234,,0.031375011753338615
stroke.valid_fraction.p90,stroke_shape,0.0,0.0,0.0,0.0,0.00021632025255823912,128,128,0.06967818748319915,0.026271500149581795,0.07606158910344099,0.009014067481196125,0.0,0.0,0.21405029296875,-0.03555054427356802,,0.02271632613621446
geometry.height_ratio.std,geometry_density,0.0,0.0,0.0,0.0,0.0002030263005180182,128,128,0.00330619952691195,0.00254540415556,0.00389574279794225,0.0012847585874447747,0.0,0.0,0.1634521484375,0.03764546300588799,,0.024027324492782585
texture.glcm_homogeneity.median,texture,0.0,0.0,0.0,0.0,0.0002008288048455309,128,128,0.712912643375845,0.07969637942018937,0.6767073619341581,0.040180097951541094,0.0,0.0,-0.3343505859375,0.026762482081746114,,0.020698452907557063
contrast.gray_std.iqr,contrast_sharpness,0.0,0.0,0.0,0.0,0.00017549945563068655,128,128,7.4343513832111086,4.3236409163173,6.7499161274251875,2.007759612434935,0.0,0.0,-0.145263671875,-0.026505896991639643,,0.02012158827930697
gradient.magnitude_mean.min,edge_gradient,0.0,0.0,0.0,0.0,0.0001721168224135832,128,128,84.35446166992188,64.3706693649292,151.66472625732422,33.69452667236328,0.0,0.0,0.720947265625,0.023173055443237,,0.020033389416164588
stroke.width_p90.max,stroke_shape,0.0,0.0,0.0,0.0,0.00017160935585684765,128,128,7.614719915390016,2.7603702306747433,6.558599948883057,1.9099998474121094,0.0,0.0,-0.0341796875,0.030294480638546666,,0.018563380287758058
gradient.magnitude_mean.max,edge_gradient,0.0,0.0,0.0,0.0,0.00015919241370194873,128,128,252.3579635620117,157.57098388671875,348.75852966308594,50.19345092773443,0.0,0.0,0.4503173828125,-0.02167062210743249,,0.01800302994593297
shape.compactness_mean.max,stroke_shape,0.0,0.0,0.0,0.0,0.00014409057067578596,128,128,85.64382798825095,35.03077251315844,73.13595163430355,12.561652168729708,0.0,0.0,-0.3629150390625,0.043383408142540346,,0.022347588572849447
texture.glcm_contrast.std,texture,0.0,0.0,0.0,0.0,0.0001426817441035165,128,128,1.265785025461116,2.1299843532008067,2.286035984755359,0.678504322513233,0.0,0.0,0.348388671875,-0.020608437891026187,,0.015288199323573795
shape.component_count.mean,stroke_shape,0.0,0.0,0.0,0.0,0.0001382979752830589,128,128,8.803489531405784,4.551435289883189,7.655701754385965,1.5682717569786533,0.0,0.0,-0.23028564453125,-0.02092371802149181,,0.014032341603447435
stroke.width_std.p10,stroke_shape,0.0,0.0,0.0,0.0,0.0001374237365216004,128,128,0.7477882091338266,0.26885940929970087,0.665877881632593,0.12101452883874375,0.0,0.0,-0.282470703125,-0.023380003977313924,,0.01610096372725583
stroke.width_iqr.max,stroke_shape,0.0,0.0,0.0,0.0,0.00013635730813179705,128,128,2.7386001348495483,1.909999966621399,1.9100000858306885,1.1920928955078125e-07,0.0,0.0,-0.281494140625,-0.02276857963759998,,0.015215894713270289
contrast.gray_std.min,contrast_sharpness,0.0,0.0,0.0,0.0,0.00013520338471281244,128,128,38.70123717343264,24.968215658487445,63.77126721237255,8.254626581786162,0.0,0.0,0.78125,0.020622867649283692,,0.017077771714607885
gradient.magnitude_mean.std,edge_gradient,0.0,0.0,0.0,0.0,0.00013410021219794374,128,128,31.576680727919992,18.918509795568387,36.85095925369814,6.745341160961324,0.0,0.0,0.274658203125,0.01594909265200158,,0.012430957763537531
texture.gray_entropy.max,texture,0.0,0.0,0.0,0.0,0.00013313810396131033,128,128,6.366464071374892,0.8480348066984398,6.5052707284299345,0.3381671139404565,0.0,0.0,0.2125244140625,0.01976680319908428,,0.014082564673700034
shape.hole_count.min,stroke_shape,0.0,0.0,0.0,0.0,0.00012783914762107572,128,128,0.0,0.0,0.0,0.0,0.0,0.0,-0.0625,-0.05679957053245123,,0.019765414039664517
layout.nearest_vertical_gap,spacing_alignment,0.0,0.0,0.0,0.0,0.00012737406916451844,128,128,0.0006510416666666,0.0,0.0006510416666666,0.0,0.0,0.0,-0.04962158203125,-0.11690655286295769,,0.025778796443295816
stroke.width_std.min,stroke_shape,0.0,0.0,0.0,0.0,0.00012069183491801087,128,128,0.5399841127675524,0.5189654874181742,0.46215108604405497,0.14245921762785846,0.0,0.0,-0.1865234375,-0.018920705037852127,,0.014106055595092756
layout.centroid_dispersion_x,spacing_alignment,0.0,0.0,0.0,0.0,0.00012054068556718845,128,128,0.11665503882585315,0.0171403928611345,0.1057243742611242,0.01969884750873374,0.0,0.0,-0.2650146484375,0.018382296919568133,,0.014145625572673822
sharpness.tenengrad_mean.max,contrast_sharpness,0.0,0.0,0.0,0.0,0.00011834192115183691,128,128,137087.5546875,174189.271484375,247689.953125,40530.1484375,0.0,0.0,0.48974609375,0.015612021608612803,,0.013401289486015471
geometry.area_ratio.min,geometry_density,0.0,0.0,0.0,0.0,0.00011710248720149718,128,128,0.0002797444661458,0.0001773834228516,0.0002237955729166,8.13802083334e-05,0.0,0.0,-0.4405517578125,0.00970235012684793,,0.006601852242618572
stroke.width_std.mean,stroke_shape,0.0,0.0,0.0,0.0,0.00011538677625973974,128,128,0.9343469321391786,0.2891860206370439,0.8020232285223073,0.06995278238174851,0.0,0.0,-0.4393310546875,-0.021402167418821078,,0.013847968828728862
edge.canny_density.std,edge_gradient,0.0,0.0,0.0,0.0,0.00011486818613623152,128,128,0.025392108571906852,0.007261261345964352,0.025745027713127352,0.0041101984018941,0.0,0.0,0.000732421875,0.017203674212223536,,0.011437276384062325
texture.glcm_homogeneity.mean,texture,0.0,0.0,0.0,0.0,0.00011312060296617254,128,128,0.7124785832293636,0.08110605426527762,0.6750073955569786,0.03725354725177943,0.0,0.0,-0.3663330078125,0.014150442319943057,,0.010920349942759866
geometry.center_x.p10,geometry_density,0.0,0.0,0.0,0.0,0.00010674066448318549,128,128,0.1547119140625,0.08720703125000001,0.195849609375,0.06184082031249999,0.0,0.0,0.30908203125,0.015555347444026101,,0.011602627484850844
shape.component_area_median.std,stroke_shape,0.0,0.0,0.0,0.0,0.00010660789368781547,128,128,0.044497223199945854,0.029964722937444056,0.044931489698052746,0.016264098074835802,0.0,0.0,0.0655517578125,0.01603810715489553,,0.01190228945837531
sharpness.tenengrad_mean.std,contrast_sharpness,0.0,0.0,0.0,0.0,0.00010599504739344147,128,128,19084.775115667853,21356.04186711028,27634.32654811447,5317.167421605216,0.0,0.0,0.3026123046875,-0.013997422469272602,,0.011288968750174159
texture.glcm_contrast.max,texture,0.0,0.0,0.0,0.0,0.00010517230275509401,128,128,9.808343815918686,17.099060116046388,19.911004189413283,4.859344650260791,0.0,0.0,0.424072265625,-0.014219701988166784,,0.01175636828917089
contrast.gray_std.std,contrast_sharpness,0.0,0.0,0.0,0.0,0.00010493579922898132,128,128,6.943004747417948,3.2532747657874035,5.712837033071688,1.1268228698197742,0.0,0.0,-0.393798828125,0.020552673334413695,,0.01511156714485398
contrast.p10_p90_range.iqr,contrast_sharpness,0.0,0.0,0.0,0.0,0.0001012197767327598,128,128,23.73750000000001,17.112500000000026,24.0,9.812499999999986,0.0,0.0,0.02581787109375,0.01625840982478161,,0.01191853290151704
contrast.local_ring_delta.std,contrast_sharpness,0.0,0.0,0.0,0.0,9.194067847087656e-05,128,128,9.227913868614205,4.239342312681619,7.649092686508199,1.2822687064580665,0.0,0.0,-0.364013671875,-0.014144419596143388,,0.009876576276403867
edge.boundary_continuity.std,edge_gradient,0.0,0.0,0.0,0.0,8.102149310505398e-05,128,128,0.13028323328954516,0.14580730929732352,0.3063141895946967,0.37702260472765126,0.0,0.0078125,0.32923228346456695,0.010314179130799893,0.0067932894473905275,0.009187637003018875
texture.glcm_homogeneity.p90,texture,0.0,0.0,0.0,0.0,7.991666454049907e-05,128,128,0.7665437429458692,0.07353109985444961,0.7323115531113129,0.037752940066242635,0.0,0.0,-0.3895263671875,0.011094648663297606,,0.008362246876167267
shape.component_count.min,stroke_shape,0.0,0.0,0.0,0.0,7.970677253298933e-05,128,128,1.0,1.0,1.0,0.0,0.0,0.0,-0.2098388671875,-0.018179319741796818,,0.011505820960692324
geometry.height_ratio.median,geometry_density,0.0,0.0,0.0,0.0,7.758826438286352e-05,128,128,0.01953125,0.006510416666666699,0.0208333333333333,0.002604166666666699,0.0,0.0,0.2440185546875,-0.008429097677942492,,0.0061565115954406256
geometry.orientation.mean,geometry_density,0.0,0.0,0.0,0.0,7.008742572037527e-05,128,128,0.0,0.14648101368888475,0.09818644750685909,0.14298629089140558,0.0,0.0,0.14166259765625,0.027436840864381803,,0.00977704077410841
geometry.center_x.max,geometry_density,0.0,0.0,0.0,0.0,6.978939616133999e-05,128,128,0.88525390625,0.118408203125,0.8330078125,0.0654296875,0.0,0.0,-0.298583984375,0.01074465322762571,,0.008221879111654347
texture.glcm_homogeneity.std,texture,0.0,0.0,0.0,0.0,6.660686167998732e-05,128,128,0.04818259946568665,0.015513363723971052,0.048436448304529395,0.009351657422502858,0.0,0.0,0.0020751953125,0.010021168955646025,,0.007204437595368052
texture.glcm_homogeneity.p10,texture,0.0,0.0,0.0,0.0,6.48184790498187e-05,128,128,0.6596137667063497,0.08321455343731576,0.6205372275710225,0.0386405912188198,0.0,0.0,-0.3353271484375,0.008075815397611381,,0.006191725736621556
sharpness.tenengrad_mean.p90,contrast_sharpness,0.0,0.0,0.0,0.0,5.93267271557705e-05,128,128,99699.965625,139593.66728515623,196815.7328125,26235.276171874983,0.0,0.0,0.4696044921875,-0.007152322316241556,,0.006198642898829983
geometry.center_x.iqr,geometry_density,0.0,0.0,0.0,0.0,5.2782997190757184e-05,128,128,0.37774658203125,0.116912841796875,0.354248046875,0.0809326171875,0.0,0.0,-0.0706787109375,0.007264385368705506,,0.005872342124819709
edge.boundary_continuity.p10,edge_gradient,0.0,0.0,0.0,0.0,5.273343095320215e-05,128,128,0.00844082357954855,0.005972338374495626,0.008510914519928,0.00843848490659785,0.0,0.0078125,-0.03346456692913386,0.039676851159335266,0.0067932894473905275,0.01176807779756545
edge.canny_density.min,edge_gradient,0.0,0.0,0.0,0.0,5.099719862435365e-05,128,128,0.0799946581196581,0.03239784129170366,0.0914461171460622,0.015523491823019903,0.0,0.0,0.2545166015625,-0.007266241335981255,,0.005062538470470495
sharpness.tenengrad_mean.median,contrast_sharpness,0.0,0.0,0.0,0.0,4.9519660836602614e-05,128,128,77505.16015625,123505.806640625,162524.640625,23059.828125,0.0,0.0,0.4742431640625,-0.006295090449339089,,0.005509219093483756
edge.boundary_continuity.min,edge_gradient,0.0,0.0,0.0,0.0,4.886673007066098e-05,128,128,0.00506758202720395,0.003884270032654474,0.0056965302951838,0.0058084744315893,0.0,0.0078125,0.2140132874015748,0.030315616424387046,0.0067932894473905275,0.006301298355793106
stroke.width_std.median,stroke_shape,0.0,0.0,0.0,0.0,4.671398424773873e-05,128,128,0.8830497162091889,0.22471835442473187,0.7984805710520244,0.06157802714009186,0.0,0.0,-0.4078369140625,0.008357032481513961,,0.0050089137194887995
stroke.valid_fraction.max,stroke_shape,0.0,0.0,0.0,0.0,4.440158091429476e-05,128,128,0.09375,0.04550696277026536,0.1011904761904761,0.014784925722425693,0.0,0.0,0.1197509765625,-0.0065815503981377045,,0.004408352000532139
geometry.height_ratio.max,geometry_density,0.0,0.0,0.0,0.0,4.202447239389069e-05,128,128,0.03678385416666665,0.01969401041666665,0.03971354166666665,0.009928385416666671,0.0,0.0,0.05145263671875,-0.007053828259863839,,0.00425430519968384
contrast.gray_std.max,contrast_sharpness,0.0,0.0,0.0,0.0,3.571296232625955e-05,128,128,84.33000970570009,22.044370923509575,92.83655828243124,7.386877505678399,0.0,0.0,0.4254150390625,0.004880128582040232,,0.0037063280299480753
sharpness.tenengrad_mean.p10,contrast_sharpness,0.0,0.0,0.0,0.0,2.5891637634628898e-05,128,128,55728.2734375,96560.78603515624,130424.951953125,24342.588085937517,0.0,0.0,0.538818359375,-0.0033653249623343236,,0.002966599737815191
geometry.height_ratio.min,geometry_density,0.0,0.0,0.0,0.0,2.5176751057402696e-05,128,128,0.0130208333333333,0.0052083333333334,0.0130208333333333,0.0029296874999999497,0.0,0.0,0.03363037109375,0.0027086884307763533,,0.0021710435431431018
sharpness.tenengrad_mean.mean,contrast_sharpness,0.0,0.0,0.0,0.0,2.394993406078125e-05,128,128,74931.4473363904,119946.90089696599,164443.02647176659,21168.20999611405,0.0,0.0,0.4881591796875,-0.0030994873021411374,,0.0027183214240437395
shape.hole_count.std,stroke_shape,0.0,0.0,0.0,0.0,2.0479001207955704e-05,128,128,2.3146762480524803,1.682518972959591,2.4727551444297973,0.7166881279877431,0.0,0.0,0.1029052734375,-0.003163526887685622,,0.0013000573413296432
shape.hole_count.max,stroke_shape,0.0,0.0,0.0,0.0,1.582389266375419e-05,128,128,13.0,8.25,12.0,5.0,0.0,0.0,0.0123291015625,-0.0021914824056487037,,0.0007353418431112184
geometry.center_y.std,geometry_density,0.0,0.0,0.0,0.0,1.3265397026888633e-05,128,128,0.23419309285912732,0.03387752803973443,0.22873157343277606,0.022341738594258864,0.0,0.0,-0.0330810546875,0.0022320083515017367,,0.0015020898553505533
stroke.valid_fraction.std,stroke_shape,0.0,0.0,0.0,0.0,1.1673759736482647e-05,128,128,0.01140626278475355,0.004753721307057274,0.011743065726365,0.002511616314817028,0.0,0.0,-0.02490234375,-0.0019449139944881027,,0.0012609478356979914
stroke.width_iqr.median,stroke_shape,0.0,0.0,0.0,0.0,1.029712253064276e-05,128,128,1.081399917602539,1.909999966621399,1.081399917602539,0.8448436856269836,0.0,0.0,0.02587890625,-0.0012917191289030024,,0.0011132692690668142
geometry.height_ratio.mean,geometry_density,0.0,0.0,0.0,0.0,7.721245907094017e-06,128,128,0.021229665995003748,0.0068495843558864025,0.022052014209180452,0.002713980123299299,0.0,0.0,0.1749267578125,-0.0008656605352535161,,0.0006322776298343874
layout.centroid_dispersion_y,spacing_alignment,0.0,0.0,0.0,0.0,1.525230374166779e-08,128,128,0.11659313241313446,0.01735536133618125,0.11421113379524975,0.011089868561063074,0.0,0.0,-0.03271484375,2.5930145910352286e-06,,1.744236622450899e-06
geometry.orientation.iqr,geometry_density,0.0,0.0,0.0,0.0,0.0,128,128,0.0,0.0,0.0,0.0,0.0,0.0,0.0,-0.0018236256060229052,,4.654590638568996e-05
geometry.orientation.median,geometry_density,0.0,0.0,0.0,0.0,0.0,128,128,0.0,0.0,0.0,0.0,0.0,0.0,0.0,0.0,,0.0
geometry.orientation.p10,geometry_density,0.0,0.0,0.0,0.0,0.0,128,128,0.0,0.0,0.0,0.0,0.0,0.0,0.0,0.0018236256060229026,,4.654590638568987e-05
geometry.orientation.p90,geometry_density,0.0,0.0,0.0,0.0,0.0,128,128,0.0,0.0,0.0,0.0,0.0,0.0,0.0,-0.06067171206373152,,0.002448832864683983
quality.no_detection,quality,0.0,0.0,0.0,0.0,0.0,128,128,0.0,0.0,0.0,0.0,0.0,0.0,0.0,0.0,,0.0
