feature_a,group_a,feature_b,group_b,spearman_r,absolute_spearman_r,source_split
geometry.orientation.iqr,geometry_density,geometry.orientation.p10,geometry_density,-1.0,1.0,train_and_validation
geometry.center_y.std,geometry_density,layout.centroid_dispersion_y,spacing_alignment,0.9997920194380101,0.9997920194380101,train_and_validation
sharpness.laplacian_variance.mean,contrast_sharpness,sharpness.laplacian_variance.median,contrast_sharpness,0.9988707895261084,0.9988707895261084,train_and_validation
texture.glcm_contrast.mean,texture,texture.glcm_contrast.median,texture,0.9982015913387262,0.9982015913387262,train_and_validation
sharpness.tenengrad_mean.mean,contrast_sharpness,sharpness.tenengrad_mean.median,contrast_sharpness,0.9971762353796367,0.9971762353796367,train_and_validation
texture.lbp_entropy.mean,texture,texture.lbp_entropy.median,texture,0.9970096933088062,0.9970096933088062,train_and_validation
texture.lbp_uniform_fraction.mean,texture,texture.lbp_uniform_fraction.median,texture,0.996541285741244,0.996541285741244,train_and_validation
gradient.magnitude_p90.mean,edge_gradient,gradient.magnitude_std.mean,edge_gradient,0.9964724135017028,0.9964724135017028,train_and_validation
texture.gray_entropy.mean,texture,texture.gray_entropy.median,texture,0.9959387728908424,0.9959387728908424,train_and_validation
sharpness.laplacian_variance.mean,contrast_sharpness,sharpness.laplacian_variance.p90,contrast_sharpness,0.995854717060605,0.995854717060605,train_and_validation
gradient.magnitude_p90.mean,edge_gradient,gradient.magnitude_p90.median,edge_gradient,0.995656805545043,0.995656805545043,train_and_validation
density.area_sum_ratio,geometry_density,density.union_coverage,geometry_density,0.9954786181704832,0.9954786181704832,train_and_validation
gradient.magnitude_std.mean,edge_gradient,gradient.magnitude_std.median,edge_gradient,0.9954486768028161,0.9954486768028161,train_and_validation
gradient.magnitude_mean.mean,edge_gradient,gradient.magnitude_mean.median,edge_gradient,0.995312245024467,0.995312245024467,train_and_validation
gradient.magnitude_p90.median,edge_gradient,gradient.magnitude_std.median,edge_gradient,0.9951697459834149,0.9951697459834149,train_and_validation
contrast.gray_std.mean,contrast_sharpness,contrast.gray_std.median,contrast_sharpness,0.9950893897859319,0.9950893897859319,train_and_validation
contrast.p10_p90_range.mean,contrast_sharpness,contrast.p10_p90_range.median,contrast_sharpness,0.9948309951710615,0.9948309951710615,train_and_validation
gradient.magnitude_p90.p90,edge_gradient,gradient.magnitude_std.p90,edge_gradient,0.994768958391172,0.994768958391172,train_and_validation
sharpness.laplacian_variance.mean,contrast_sharpness,sharpness.laplacian_variance.p10,contrast_sharpness,0.9937518775471063,0.9937518775471063,train_and_validation
gradient.magnitude_p90.median,edge_gradient,gradient.magnitude_std.mean,edge_gradient,0.9935479260899012,0.9935479260899012,train_and_validation
gradient.magnitude_p90.p10,edge_gradient,gradient.magnitude_std.p10,edge_gradient,0.9934411252884866,0.9934411252884866,train_and_validation
sharpness.laplacian_variance.median,contrast_sharpness,sharpness.laplacian_variance.p10,contrast_sharpness,0.9932646159922773,0.9932646159922773,train_and_validation
sharpness.laplacian_variance.median,contrast_sharpness,sharpness.laplacian_variance.p90,contrast_sharpness,0.9932177203624388,0.9932177203624388,train_and_validation
texture.glcm_contrast.mean,texture,texture.glcm_contrast.p90,texture,0.9927040539387826,0.9927040539387826,train_and_validation
texture.glcm_homogeneity.mean,texture,texture.glcm_homogeneity.median,texture,0.992406672994475,0.992406672994475,train_and_validation
gradient.magnitude_p90.mean,edge_gradient,gradient.magnitude_std.median,edge_gradient,0.9905397520763618,0.9905397520763618,train_and_validation
texture.glcm_contrast.mean,texture,texture.glcm_contrast.p10,texture,0.9903687595235017,0.9903687595235017,train_and_validation
gradient.magnitude_std.mean,edge_gradient,gradient.magnitude_std.p10,edge_gradient,0.9896620401963299,0.9896620401963299,train_and_validation
texture.lbp_entropy.median,texture,texture.lbp_entropy.p90,texture,0.9896272939850675,0.9896272939850675,train_and_validation
gradient.magnitude_std.mean,edge_gradient,gradient.magnitude_std.p90,edge_gradient,0.9891902559874878,0.9891902559874878,train_and_validation
texture.glcm_contrast.median,texture,texture.glcm_contrast.p90,texture,0.9889529532392092,0.9889529532392092,train_and_validation
gradient.magnitude_p90.mean,edge_gradient,gradient.magnitude_p90.p10,edge_gradient,0.9884873381137161,0.9884873381137161,train_and_validation
stroke.valid_fraction.mean,stroke_shape,stroke.valid_fraction.median,stroke_shape,0.9884524338399877,0.9884524338399877,train_and_validation
texture.glcm_contrast.median,texture,texture.glcm_contrast.p10,texture,0.9883949243841911,0.9883949243841911,train_and_validation
gradient.magnitude_std.min,edge_gradient,sharpness.tenengrad_mean.min,contrast_sharpness,0.987530944757862,0.987530944757862,train_and_validation
sharpness.laplacian_variance.p90,contrast_sharpness,texture.glcm_contrast.p90,texture,0.9874033907639782,0.9874033907639782,train_and_validation
gradient.magnitude_p90.mean,edge_gradient,gradient.magnitude_std.p10,edge_gradient,0.9872001918210737,0.9872001918210737,train_and_validation
sharpness.laplacian_variance.mean,contrast_sharpness,texture.glcm_contrast.mean,texture,0.9870662071455668,0.9870662071455668,train_and_validation
texture.lbp_entropy.mean,texture,texture.lbp_entropy.p10,texture,0.9870398983064856,0.9870398983064856,train_and_validation
sharpness.tenengrad_mean.mean,contrast_sharpness,sharpness.tenengrad_mean.p90,contrast_sharpness,0.9869089799601152,0.9869089799601152,train_and_validation
gradient.magnitude_p90.median,edge_gradient,gradient.magnitude_p90.p90,edge_gradient,0.9865866834247846,0.9865866834247846,train_and_validation
texture.lbp_entropy.mean,texture,texture.lbp_entropy.p90,texture,0.9865352686130815,0.9865352686130815,train_and_validation
gradient.magnitude_std.median,edge_gradient,gradient.magnitude_std.p90,edge_gradient,0.9864218607942203,0.9864218607942203,train_and_validation
gradient.magnitude_p90.p90,edge_gradient,gradient.magnitude_std.mean,edge_gradient,0.9864205759824439,0.9864205759824439,train_and_validation
sharpness.laplacian_variance.median,contrast_sharpness,texture.glcm_contrast.median,texture,0.9857866670710954,0.9857866670710954,train_and_validation
sharpness.laplacian_variance.median,contrast_sharpness,texture.glcm_contrast.mean,texture,0.9855827363152976,0.9855827363152976,train_and_validation
gradient.magnitude_p90.p90,edge_gradient,gradient.magnitude_std.median,edge_gradient,0.9855582752209876,0.9855582752209876,train_and_validation
sharpness.laplacian_variance.mean,contrast_sharpness,texture.glcm_contrast.median,texture,0.9853841931593972,0.9853841931593972,train_and_validation
edge.canny_density.mean,edge_gradient,edge.canny_density.median,edge_gradient,0.9851186490694568,0.9851186490694568,train_and_validation
gradient.magnitude_p90.min,edge_gradient,sharpness.tenengrad_mean.min,contrast_sharpness,0.984948708194609,0.984948708194609,train_and_validation
sharpness.laplacian_variance.p10,contrast_sharpness,sharpness.laplacian_variance.p90,contrast_sharpness,0.9848472146870145,0.9848472146870145,train_and_validation
gradient.magnitude_p90.mean,edge_gradient,gradient.magnitude_p90.p90,edge_gradient,0.9848064815177839,0.9848064815177839,train_and_validation
contrast.local_ring_delta.mean,contrast_sharpness,contrast.local_ring_delta.median,contrast_sharpness,0.9838161731046775,0.9838161731046775,train_and_validation
sharpness.laplacian_variance.p90,contrast_sharpness,texture.glcm_contrast.mean,texture,0.9837527173106797,0.9837527173106797,train_and_validation
sharpness.laplacian_variance.mean,contrast_sharpness,texture.glcm_contrast.p90,texture,0.9834305938055647,0.9834305938055647,train_and_validation
gradient.magnitude_p90.p10,edge_gradient,gradient.magnitude_std.mean,edge_gradient,0.9833861519013095,0.9833861519013095,train_and_validation
gradient.magnitude_p90.mean,edge_gradient,gradient.magnitude_std.p90,edge_gradient,0.9832133910765716,0.9832133910765716,train_and_validation
gradient.magnitude_p90.median,edge_gradient,gradient.magnitude_std.p90,edge_gradient,0.9829928562668755,0.9829928562668755,train_and_validation
sharpness.tenengrad_mean.mean,contrast_sharpness,sharpness.tenengrad_mean.p10,contrast_sharpness,0.9826876083480447,0.9826876083480447,train_and_validation
contrast.gray_std.mean,contrast_sharpness,contrast.gray_std.p10,contrast_sharpness,0.9821375400278473,0.9821375400278473,train_and_validation
sharpness.laplacian_variance.max,contrast_sharpness,texture.glcm_contrast.max,texture,0.9817111050387933,0.9817111050387933,train_and_validation
sharpness.laplacian_variance.p10,contrast_sharpness,texture.glcm_contrast.mean,texture,0.9816570601599206,0.9816570601599206,train_and_validation
sharpness.tenengrad_mean.median,contrast_sharpness,sharpness.tenengrad_mean.p90,contrast_sharpness,0.9814575500838174,0.9814575500838174,train_and_validation
gradient.magnitude_mean.mean,edge_gradient,gradient.magnitude_mean.p90,edge_gradient,0.9812686959981689,0.9812686959981689,train_and_validation
sharpness.laplacian_variance.p90,contrast_sharpness,texture.glcm_contrast.median,texture,0.9807903817665871,0.9807903817665871,train_and_validation
stroke.width_std.mean,stroke_shape,stroke.width_std.median,stroke_shape,0.9806853773303904,0.9806853773303904,train_and_validation
sharpness.laplacian_variance.p10,contrast_sharpness,texture.glcm_contrast.p10,texture,0.9805748877048016,0.9805748877048016,train_and_validation
sharpness.laplacian_variance.median,contrast_sharpness,texture.glcm_contrast.p90,texture,0.9805244787108013,0.9805244787108013,train_and_validation
gradient.magnitude_p90.min,edge_gradient,gradient.magnitude_std.min,edge_gradient,0.980486258871824,0.980486258871824,train_and_validation
sharpness.laplacian_variance.p10,contrast_sharpness,texture.glcm_contrast.median,texture,0.9797572407753163,0.9797572407753163,train_and_validation
gradient.magnitude_std.median,edge_gradient,gradient.magnitude_std.p10,edge_gradient,0.9796063548644828,0.9796063548644828,train_and_validation
sharpness.laplacian_variance.max,contrast_sharpness,sharpness.laplacian_variance.std,contrast_sharpness,0.9790220105476424,0.9790220105476424,train_and_validation
gradient.magnitude_p90.median,edge_gradient,gradient.magnitude_std.p10,edge_gradient,0.978866711390203,0.978866711390203,train_and_validation
gradient.magnitude_p90.median,edge_gradient,gradient.magnitude_p90.p10,edge_gradient,0.9786956377086227,0.9786956377086227,train_and_validation
sharpness.tenengrad_mean.median,contrast_sharpness,sharpness.tenengrad_mean.p10,contrast_sharpness,0.9784246094966929,0.9784246094966929,train_and_validation
texture.lbp_entropy.median,texture,texture.lbp_entropy.p10,texture,0.9782558852326648,0.9782558852326648,train_and_validation
gradient.magnitude_mean.mean,edge_gradient,gradient.magnitude_mean.p10,edge_gradient,0.9780740280730048,0.9780740280730048,train_and_validation
gradient.magnitude_mean.max,edge_gradient,sharpness.tenengrad_mean.max,contrast_sharpness,0.9765411217916793,0.9765411217916793,train_and_validation
gradient.magnitude_mean.p90,edge_gradient,sharpness.tenengrad_mean.p90,contrast_sharpness,0.9758270479104987,0.9758270479104987,train_and_validation
contrast.gray_std.mean,contrast_sharpness,contrast.gray_std.p90,contrast_sharpness,0.9757111168272725,0.9757111168272725,train_and_validation
contrast.gray_std.mean,contrast_sharpness,contrast.p10_p90_range.mean,contrast_sharpness,0.9755401937726964,0.9755401937726964,train_and_validation
texture.glcm_contrast.p10,texture,texture.glcm_contrast.p90,texture,0.9754543299746322,0.9754543299746322,train_and_validation
sharpness.laplacian_variance.mean,contrast_sharpness,texture.glcm_contrast.p10,texture,0.9747348022661431,0.9747348022661431,train_and_validation
contrast.p10_p90_range.mean,contrast_sharpness,contrast.p10_p90_range.p10,contrast_sharpness,0.9746559312594449,0.9746559312594449,train_and_validation
contrast.gray_std.p90,contrast_sharpness,contrast.p10_p90_range.p90,contrast_sharpness,0.9740417161312792,0.9740417161312792,train_and_validation
sharpness.laplacian_variance.median,contrast_sharpness,texture.glcm_contrast.p10,texture,0.97363716902189,0.97363716902189,train_and_validation
gradient.magnitude_p90.max,edge_gradient,gradient.magnitude_std.max,edge_gradient,0.9735892741641217,0.9735892741641217,train_and_validation
sharpness.laplacian_variance.std,contrast_sharpness,texture.glcm_contrast.std,texture,0.9735612392950013,0.9735612392950013,train_and_validation
contrast.gray_std.median,contrast_sharpness,contrast.gray_std.p10,contrast_sharpness,0.9730740240993602,0.9730740240993602,train_and_validation
sharpness.laplacian_variance.p10,contrast_sharpness,texture.glcm_contrast.p90,texture,0.9723266245848866,0.9723266245848866,train_and_validation
contrast.gray_std.mean,contrast_sharpness,contrast.p10_p90_range.median,contrast_sharpness,0.9722798644148127,0.9722798644148127,train_and_validation
gradient.magnitude_p90.p10,edge_gradient,gradient.magnitude_std.median,edge_gradient,0.9719142695434442,0.9719142695434442,train_and_validation
gradient.magnitude_mean.median,edge_gradient,gradient.magnitude_mean.p10,edge_gradient,0.97184383006894,0.97184383006894,train_and_validation
gradient.magnitude_mean.median,edge_gradient,gradient.magnitude_mean.p90,edge_gradient,0.9709489619780485,0.9709489619780485,train_and_validation
contrast.gray_std.median,contrast_sharpness,contrast.p10_p90_range.median,contrast_sharpness,0.9705742873595414,0.9705742873595414,train_and_validation
gradient.magnitude_mean.mean,edge_gradient,sharpness.tenengrad_mean.mean,contrast_sharpness,0.9705492961085833,0.9705492961085833,train_and_validation
gradient.magnitude_mean.mean,edge_gradient,sharpness.tenengrad_mean.median,contrast_sharpness,0.969816367283447,0.969816367283447,train_and_validation
shape.component_aspect_median.mean,stroke_shape,shape.component_aspect_median.median,stroke_shape,0.9696072073462434,0.9696072073462434,train_and_validation
gradient.magnitude_mean.median,edge_gradient,sharpness.tenengrad_mean.median,contrast_sharpness,0.9693180457509553,0.9693180457509553,train_and_validation
edge.boundary_continuity.mean,edge_gradient,edge.boundary_continuity.p90,edge_gradient,0.9689427360792,0.9689427360792,train_and_validation
gradient.magnitude_std.p10,edge_gradient,gradient.magnitude_std.p90,edge_gradient,0.9685724774244001,0.9685724774244001,train_and_validation
geometry.center_x.std,geometry_density,layout.centroid_dispersion_x,spacing_alignment,0.9683973390356018,0.9683973390356018,train_and_validation
contrast.gray_std.median,contrast_sharpness,contrast.gray_std.p90,contrast_sharpness,0.9680928783810417,0.9680928783810417,train_and_validation
gradient.magnitude_std.max,edge_gradient,gradient.magnitude_std.p90,edge_gradient,0.9680706069040806,0.9680706069040806,train_and_validation
contrast.gray_std.p10,contrast_sharpness,contrast.p10_p90_range.p10,contrast_sharpness,0.9676880299147812,0.9676880299147812,train_and_validation
sharpness.laplacian_variance.p90,contrast_sharpness,texture.glcm_contrast.p10,texture,0.9673093551251539,0.9673093551251539,train_and_validation
stroke.valid_fraction.mean,stroke_shape,stroke.valid_fraction.p90,stroke_shape,0.9669178308204175,0.9669178308204175,train_and_validation
contrast.gray_std.median,contrast_sharpness,contrast.p10_p90_range.mean,contrast_sharpness,0.9668293652851496,0.9668293652851496,train_and_validation
gradient.magnitude_mean.mean,edge_gradient,sharpness.tenengrad_mean.p90,contrast_sharpness,0.965946987738922,0.965946987738922,train_and_validation
gradient.magnitude_mean.std,edge_gradient,sharpness.tenengrad_mean.std,contrast_sharpness,0.9657018502879038,0.9657018502879038,train_and_validation
contrast.gray_std.p10,contrast_sharpness,contrast.p10_p90_range.mean,contrast_sharpness,0.9654086482359677,0.9654086482359677,train_and_validation
sharpness.laplacian_variance.p90,contrast_sharpness,sharpness.laplacian_variance.std,contrast_sharpness,0.9646659310567351,0.9646659310567351,train_and_validation
gradient.magnitude_p90.p90,edge_gradient,gradient.magnitude_std.p10,edge_gradient,0.9644402181054086,0.9644402181054086,train_and_validation
gradient.magnitude_mean.median,edge_gradient,sharpness.tenengrad_mean.mean,contrast_sharpness,0.9643619339940533,0.9643619339940533,train_and_validation
texture.gray_entropy.mean,texture,texture.gray_entropy.p10,texture,0.9639928718112826,0.9639928718112826,train_and_validation
gradient.orientation_entropy.mean,edge_gradient,gradient.orientation_entropy.median,edge_gradient,0.9632970336477634,0.9632970336477634,train_and_validation
texture.glcm_homogeneity.mean,texture,texture.glcm_homogeneity.p90,texture,0.9630909339442503,0.9630909339442503,train_and_validation
gradient.magnitude_p90.p90,edge_gradient,gradient.magnitude_std.max,edge_gradient,0.9630593194311119,0.9630593194311119,train_and_validation
texture.lbp_uniform_fraction.mean,texture,texture.lbp_uniform_fraction.p10,texture,0.9626803777739685,0.9626803777739685,train_and_validation
sharpness.laplacian_variance.std,contrast_sharpness,texture.glcm_contrast.max,texture,0.9623540678995208,0.9623540678995208,train_and_validation
contrast.p10_p90_range.mean,contrast_sharpness,contrast.p10_p90_range.p90,contrast_sharpness,0.9611087000354555,0.9611087000354555,train_and_validation
contrast.p10_p90_range.median,contrast_sharpness,contrast.p10_p90_range.p10,contrast_sharpness,0.9611008360974542,0.9611008360974542,train_and_validation
gradient.magnitude_p90.std,edge_gradient,gradient.magnitude_std.std,edge_gradient,0.9606571792368059,0.9606571792368059,train_and_validation
gradient.magnitude_mean.min,edge_gradient,sharpness.tenengrad_mean.min,contrast_sharpness,0.9600726561059554,0.9600726561059554,train_and_validation
shape.component_aspect_median.mean,stroke_shape,shape.component_aspect_median.p90,stroke_shape,0.959886353142277,0.959886353142277,train_and_validation
gradient.magnitude_p90.p10,edge_gradient,gradient.magnitude_std.p90,edge_gradient,0.9593925701321793,0.9593925701321793,train_and_validation
sharpness.laplacian_variance.max,contrast_sharpness,sharpness.laplacian_variance.mean,contrast_sharpness,0.9593878448063934,0.9593878448063934,train_and_validation
stroke.width_std.mean,stroke_shape,stroke.width_std.p90,stroke_shape,0.9586367266227835,0.9586367266227835,train_and_validation
gradient.magnitude_p90.p10,edge_gradient,gradient.magnitude_p90.p90,edge_gradient,0.9585143648579343,0.9585143648579343,train_and_validation
sharpness.laplacian_variance.max,contrast_sharpness,sharpness.laplacian_variance.p90,contrast_sharpness,0.958456048311042,0.958456048311042,train_and_validation
contrast.p10_p90_range.median,contrast_sharpness,contrast.p10_p90_range.p90,contrast_sharpness,0.958206928750527,0.958206928750527,train_and_validation
gradient.magnitude_mean.p10,edge_gradient,sharpness.tenengrad_mean.p10,contrast_sharpness,0.9580126392365093,0.9580126392365093,train_and_validation
texture.lbp_entropy.min,texture,texture.lbp_entropy.std,texture,-0.9578021817693421,0.9578021817693421,train_and_validation
gradient.magnitude_p90.max,edge_gradient,gradient.magnitude_p90.p90,edge_gradient,0.9574765084749893,0.9574765084749893,train_and_validation
texture.lbp_entropy.p10,texture,texture.lbp_entropy.p90,texture,0.9573544381107492,0.9573544381107492,train_and_validation
sharpness.tenengrad_mean.p90,contrast_sharpness,texture.glcm_contrast.p90,texture,0.9571110457520149,0.9571110457520149,train_and_validation
texture.lbp_uniform_fraction.median,texture,texture.lbp_uniform_fraction.p10,texture,0.9569329983398432,0.9569329983398432,train_and_validation
sharpness.laplacian_variance.iqr,contrast_sharpness,sharpness.laplacian_variance.p90,contrast_sharpness,0.9568585471242469,0.9568585471242469,train_and_validation
contrast.gray_std.mean,contrast_sharpness,contrast.p10_p90_range.p90,contrast_sharpness,0.9563342904685396,0.9563342904685396,train_and_validation
texture.glcm_homogeneity.mean,texture,texture.glcm_homogeneity.p10,texture,0.9562319199167548,0.9562319199167548,train_and_validation
gradient.magnitude_mean.mean,edge_gradient,texture.glcm_contrast.mean,texture,0.9562227838453861,0.9562227838453861,train_and_validation
gradient.magnitude_p90.max,edge_gradient,gradient.magnitude_std.p90,edge_gradient,0.9558166508692215,0.9558166508692215,train_and_validation
geometry.height_ratio.mean,geometry_density,geometry.height_ratio.median,geometry_density,0.9557354924112328,0.9557354924112328,train_and_validation
gradient.magnitude_std.max,edge_gradient,gradient.magnitude_std.mean,edge_gradient,0.9557305129780977,0.9557305129780977,train_and_validation
gradient.magnitude_mean.median,edge_gradient,sharpness.tenengrad_mean.p90,contrast_sharpness,0.9557075776344205,0.9557075776344205,train_and_validation
gradient.magnitude_mean.p90,edge_gradient,texture.glcm_contrast.p90,texture,0.9556937261713775,0.9556937261713775,train_and_validation
gradient.magnitude_mean.mean,edge_gradient,texture.glcm_contrast.median,texture,0.9556075709322065,0.9556075709322065,train_and_validation
gradient.magnitude_mean.p90,edge_gradient,sharpness.tenengrad_mean.mean,contrast_sharpness,0.9552152496826383,0.9552152496826383,train_and_validation
shape.component_count.mean,stroke_shape,shape.component_count.p90,stroke_shape,0.9551466258775182,0.9551466258775182,train_and_validation
sharpness.tenengrad_mean.p10,contrast_sharpness,sharpness.tenengrad_mean.p90,contrast_sharpness,0.955107428145908,0.955107428145908,train_and_validation
sharpness.laplacian_variance.mean,contrast_sharpness,sharpness.laplacian_variance.std,contrast_sharpness,0.9551037127881422,0.9551037127881422,train_and_validation
sharpness.laplacian_variance.std,contrast_sharpness,texture.glcm_contrast.p90,texture,0.9546595321642695,0.9546595321642695,train_and_validation
sharpness.laplacian_variance.iqr,contrast_sharpness,sharpness.laplacian_variance.std,contrast_sharpness,0.9544434652353775,0.9544434652353775,train_and_validation
texture.lbp_entropy.max,texture,texture.lbp_entropy.p90,texture,0.9544214611780214,0.9544214611780214,train_and_validation
sharpness.tenengrad_mean.mean,contrast_sharpness,texture.glcm_contrast.mean,texture,0.9543940099160978,0.9543940099160978,train_and_validation
stroke.valid_fraction.mean,stroke_shape,stroke.valid_fraction.p10,stroke_shape,0.9543486514766643,0.9543486514766643,train_and_validation
contrast.gray_std.p10,contrast_sharpness,contrast.p10_p90_range.median,contrast_sharpness,0.9543113343148818,0.9543113343148818,train_and_validation
edge.canny_density.mean,edge_gradient,edge.canny_density.p90,edge_gradient,0.9540817982384868,0.9540817982384868,train_and_validation
gradient.magnitude_mean.p10,edge_gradient,texture.glcm_contrast.p10,texture,0.9538739028767068,0.9538739028767068,train_and_validation
sharpness.tenengrad_mean.median,contrast_sharpness,texture.glcm_contrast.median,texture,0.9536059732621397,0.9536059732621397,train_and_validation
sharpness.tenengrad_mean.p90,contrast_sharpness,texture.glcm_contrast.mean,texture,0.9535829228116874,0.9535829228116874,train_and_validation
gradient.magnitude_mean.median,edge_gradient,texture.glcm_contrast.median,texture,0.9530603289330075,0.9530603289330075,train_and_validation
sharpness.tenengrad_mean.mean,contrast_sharpness,texture.glcm_contrast.median,texture,0.9529060058195351,0.9529060058195351,train_and_validation
texture.glcm_homogeneity.median,texture,texture.glcm_homogeneity.p90,texture,0.9526960748602866,0.9526960748602866,train_and_validation
texture.glcm_contrast.max,texture,texture.glcm_contrast.std,texture,0.952589693769749,0.952589693769749,train_and_validation
sharpness.laplacian_variance.max,contrast_sharpness,sharpness.laplacian_variance.median,contrast_sharpness,0.9525346687251912,0.9525346687251912,train_and_validation
sharpness.tenengrad_mean.median,contrast_sharpness,texture.glcm_contrast.mean,texture,0.9518824876711052,0.9518824876711052,train_and_validation
sharpness.tenengrad_mean.mean,contrast_sharpness,texture.glcm_contrast.p10,texture,0.951804643972034,0.951804643972034,train_and_validation
gradient.magnitude_std.median,edge_gradient,sharpness.tenengrad_mean.mean,contrast_sharpness,0.9516226907826278,0.9516226907826278,train_and_validation
texture.gray_entropy.median,texture,texture.gray_entropy.p10,texture,0.951437853389466,0.951437853389466,train_and_validation
gradient.magnitude_mean.p90,edge_gradient,sharpness.tenengrad_mean.median,contrast_sharpness,0.9508432173329321,0.9508432173329321,train_and_validation
gradient.magnitude_mean.p10,edge_gradient,sharpness.tenengrad_mean.mean,contrast_sharpness,0.9507271239925487,0.9507271239925487,train_and_validation
gradient.magnitude_p90.mean,edge_gradient,gradient.magnitude_std.max,edge_gradient,0.9503551701143402,0.9503551701143402,train_and_validation
gradient.magnitude_mean.mean,edge_gradient,texture.glcm_contrast.p10,texture,0.9502273289001587,0.9502273289001587,train_and_validation
gradient.magnitude_std.median,edge_gradient,sharpness.tenengrad_mean.median,contrast_sharpness,0.950006026694415,0.950006026694415,train_and_validation
texture.lbp_uniform_fraction.mean,texture,texture.lbp_uniform_fraction.p90,texture,0.9497358551155373,0.9497358551155373,train_and_validation
gradient.magnitude_mean.median,edge_gradient,texture.glcm_contrast.mean,texture,0.9495438653284138,0.9495438653284138,train_and_validation
sharpness.tenengrad_mean.p90,contrast_sharpness,texture.glcm_contrast.median,texture,0.9495396267740999,0.9495396267740999,train_and_validation
texture.lbp_uniform_fraction.median,texture,texture.lbp_uniform_fraction.p90,texture,0.9492368247127031,0.9492368247127031,train_and_validation
gradient.magnitude_mean.mean,edge_gradient,texture.glcm_contrast.p90,texture,0.9487939193699813,0.9487939193699813,train_and_validation
shape.component_aspect_median.max,stroke_shape,shape.component_aspect_median.std,stroke_shape,0.9484845995917528,0.9484845995917528,train_and_validation
gradient.magnitude_mean.p10,edge_gradient,sharpness.tenengrad_mean.median,contrast_sharpness,0.9484646499272028,0.9484646499272028,train_and_validation
sharpness.laplacian_variance.max,contrast_sharpness,texture.glcm_contrast.mean,texture,0.9482943130257132,0.9482943130257132,train_and_validation
sharpness.tenengrad_mean.median,contrast_sharpness,texture.glcm_contrast.p10,texture,0.9480888358598649,0.9480888358598649,train_and_validation
sharpness.laplacian_variance.median,contrast_sharpness,sharpness.laplacian_variance.std,contrast_sharpness,0.9478878489124929,0.9478878489124929,train_and_validation
sharpness.laplacian_variance.max,contrast_sharpness,texture.glcm_contrast.p90,texture,0.9477952596803282,0.9477952596803282,train_and_validation
gradient.magnitude_std.median,edge_gradient,sharpness.tenengrad_mean.p10,contrast_sharpness,0.9477830440343408,0.9477830440343408,train_and_validation
gradient.magnitude_mean.mean,edge_gradient,sharpness.tenengrad_mean.p10,contrast_sharpness,0.9476798650391325,0.9476798650391325,train_and_validation
sharpness.tenengrad_mean.p10,contrast_sharpness,texture.glcm_contrast.p10,texture,0.9476265321049296,0.9476265321049296,train_and_validation
sharpness.laplacian_variance.iqr,contrast_sharpness,texture.glcm_contrast.iqr,texture,0.9474668147688187,0.9474668147688187,train_and_validation
gradient.magnitude_std.max,edge_gradient,gradient.magnitude_std.median,edge_gradient,0.94734281962685,0.94734281962685,train_and_validation
contrast.gray_std.p90,contrast_sharpness,contrast.p10_p90_range.mean,contrast_sharpness,0.9471814291769056,0.9471814291769056,train_and_validation
sharpness.tenengrad_mean.std,contrast_sharpness,texture.glcm_contrast.std,texture,0.9471570029394374,0.9471570029394374,train_and_validation
gradient.magnitude_mean.min,edge_gradient,gradient.magnitude_p90.min,edge_gradient,0.9471305384659401,0.9471305384659401,train_and_validation
sharpness.laplacian_variance.max,contrast_sharpness,sharpness.laplacian_variance.p10,contrast_sharpness,0.9470329225732687,0.9470329225732687,train_and_validation
edge.canny_density.mean,edge_gradient,stroke.valid_fraction.mean,stroke_shape,0.9464149744680085,0.9464149744680085,train_and_validation
gradient.magnitude_mean.max,edge_gradient,texture.glcm_contrast.max,texture,0.9460326469347835,0.9460326469347835,train_and_validation
gradient.magnitude_p90.max,edge_gradient,gradient.magnitude_std.mean,edge_gradient,0.9459792908209868,0.9459792908209868,train_and_validation
gradient.magnitude_mean.p90,edge_gradient,texture.glcm_contrast.mean,texture,0.9458790854365393,0.9458790854365393,train_and_validation
gradient.magnitude_p90.median,edge_gradient,gradient.magnitude_std.max,edge_gradient,0.9458354249260561,0.9458354249260561,train_and_validation
sharpness.laplacian_variance.iqr,contrast_sharpness,texture.glcm_contrast.p90,texture,0.9457948243013273,0.9457948243013273,train_and_validation
texture.glcm_contrast.max,texture,texture.glcm_contrast.mean,texture,0.9457107055550493,0.9457107055550493,train_and_validation
contrast.gray_std.median,contrast_sharpness,contrast.p10_p90_range.p90,contrast_sharpness,0.9455911051104315,0.9455911051104315,train_and_validation
sharpness.laplacian_variance.iqr,contrast_sharpness,sharpness.laplacian_variance.mean,contrast_sharpness,0.9455362195062508,0.9455362195062508,train_and_validation
contrast.gray_std.p90,contrast_sharpness,contrast.p10_p90_range.median,contrast_sharpness,0.9452833489164139,0.9452833489164139,train_and_validation
gradient.magnitude_p90.max,edge_gradient,gradient.magnitude_p90.mean,edge_gradient,0.9452199438815408,0.9452199438815408,train_and_validation
stroke.valid_fraction.median,stroke_shape,stroke.valid_fraction.p10,stroke_shape,0.94452260295248,0.94452260295248,train_and_validation
gradient.magnitude_std.p10,edge_gradient,sharpness.tenengrad_mean.p10,contrast_sharpness,0.944517671725028,0.944517671725028,train_and_validation
sharpness.laplacian_variance.max,contrast_sharpness,texture.glcm_contrast.std,texture,0.9445001976225949,0.9445001976225949,train_and_validation
sharpness.tenengrad_mean.mean,contrast_sharpness,texture.glcm_contrast.p90,texture,0.9442714216535024,0.9442714216535024,train_and_validation
stroke.width_std.median,stroke_shape,stroke.width_std.p10,stroke_shape,0.9441959751754159,0.9441959751754159,train_and_validation
stroke.width_p90.mean,stroke_shape,stroke.width_p90.p90,stroke_shape,0.9440582607372057,0.9440582607372057,train_and_validation
texture.glcm_contrast.max,texture,texture.glcm_contrast.p90,texture,0.9440517784444081,0.9440517784444081,train_and_validation
contrast.gray_std.mean,contrast_sharpness,contrast.p10_p90_range.p10,contrast_sharpness,0.9436965054725677,0.9436965054725677,train_and_validation
geometry.area_ratio.mean,geometry_density,geometry.area_ratio.p90,geometry_density,0.9433362863558279,0.9433362863558279,train_and_validation
sharpness.laplacian_variance.std,contrast_sharpness,texture.glcm_contrast.mean,texture,0.9432407509446677,0.9432407509446677,train_and_validation
sharpness.laplacian_variance.iqr,contrast_sharpness,sharpness.laplacian_variance.median,contrast_sharpness,0.9431699174170673,0.9431699174170673,train_and_validation
edge.canny_density.mean,edge_gradient,stroke.valid_fraction.median,stroke_shape,0.9429498816505838,0.9429498816505838,train_and_validation
gradient.magnitude_std.mean,edge_gradient,sharpness.tenengrad_mean.p10,contrast_sharpness,0.942844495786877,0.942844495786877,train_and_validation
gradient.magnitude_p90.p90,edge_gradient,sharpness.tenengrad_mean.mean,contrast_sharpness,0.9427371279079132,0.9427371279079132,train_and_validation
gradient.magnitude_mean.median,edge_gradient,texture.glcm_contrast.p10,texture,0.9427129383459889,0.9427129383459889,train_and_validation
sharpness.tenengrad_mean.max,contrast_sharpness,texture.glcm_contrast.max,texture,0.9421181863914856,0.9421181863914856,train_and_validation
gradient.orientation_entropy.mean,edge_gradient,gradient.orientation_entropy.p10,edge_gradient,0.9420217162330272,0.9420217162330272,train_and_validation
stroke.valid_fraction.median,stroke_shape,stroke.valid_fraction.p90,stroke_shape,0.9418949219981594,0.9418949219981594,train_and_validation
gradient.magnitude_p90.max,edge_gradient,gradient.magnitude_p90.median,edge_gradient,0.9417233641810597,0.9417233641810597,train_and_validation
gradient.magnitude_mean.p90,edge_gradient,texture.glcm_contrast.median,texture,0.9416948938930909,0.9416948938930909,train_and_validation
gradient.orientation_entropy.median,edge_gradient,gradient.orientation_entropy.p90,edge_gradient,0.9414518922760825,0.9414518922760825,train_and_validation
gradient.magnitude_mean.p10,edge_gradient,gradient.magnitude_mean.p90,edge_gradient,0.9414412594652216,0.9414412594652216,train_and_validation
stroke.width_median.mean,stroke_shape,stroke.width_median.median,stroke_shape,0.9413640606503895,0.9413640606503895,train_and_validation
sharpness.laplacian_variance.max,contrast_sharpness,texture.glcm_contrast.median,texture,0.9413522663814826,0.9413522663814826,train_and_validation
sharpness.tenengrad_mean.p90,contrast_sharpness,texture.glcm_contrast.p10,texture,0.9411134602709708,0.9411134602709708,train_and_validation
sharpness.laplacian_variance.p90,contrast_sharpness,texture.glcm_contrast.max,texture,0.9410079798732248,0.9410079798732248,train_and_validation
sharpness.laplacian_variance.mean,contrast_sharpness,texture.glcm_contrast.max,texture,0.940917990066948,0.940917990066948,train_and_validation
gradient.magnitude_std.p90,edge_gradient,sharpness.tenengrad_mean.mean,contrast_sharpness,0.9408277154828031,0.9408277154828031,train_and_validation
sharpness.tenengrad_mean.median,contrast_sharpness,texture.glcm_contrast.p90,texture,0.9404874589125142,0.9404874589125142,train_and_validation
gradient.magnitude_mean.median,edge_gradient,sharpness.tenengrad_mean.p10,contrast_sharpness,0.9404865681538341,0.9404865681538341,train_and_validation
gradient.magnitude_std.mean,edge_gradient,sharpness.tenengrad_mean.mean,contrast_sharpness,0.9402700045193585,0.9402700045193585,train_and_validation
gradient.magnitude_p90.max,edge_gradient,gradient.magnitude_std.median,edge_gradient,0.9401263208394881,0.9401263208394881,train_and_validation
gradient.magnitude_mean.median,edge_gradient,texture.glcm_contrast.p90,texture,0.9398507419589327,0.9398507419589327,train_and_validation
contrast.local_ring_delta.mean,contrast_sharpness,contrast.local_ring_delta.p10,contrast_sharpness,0.9397833820590473,0.9397833820590473,train_and_validation
texture.glcm_homogeneity.median,texture,texture.glcm_homogeneity.p10,texture,0.9391184058691262,0.9391184058691262,train_and_validation
texture.lbp_entropy.max,texture,texture.lbp_entropy.median,texture,0.9388208163084735,0.9388208163084735,train_and_validation
gradient.magnitude_p90.median,edge_gradient,sharpness.tenengrad_mean.mean,contrast_sharpness,0.938184355107094,0.938184355107094,train_and_validation
contrast.gray_std.max,contrast_sharpness,contrast.p10_p90_range.max,contrast_sharpness,0.9380232151228564,0.9380232151228564,train_and_validation
texture.lbp_entropy.max,texture,texture.lbp_entropy.mean,texture,0.9378183882791258,0.9378183882791258,train_and_validation
gradient.magnitude_p90.median,edge_gradient,sharpness.tenengrad_mean.p10,contrast_sharpness,0.9374620392239972,0.9374620392239972,train_and_validation
edge.boundary_continuity.max,edge_gradient,edge.boundary_continuity.std,edge_gradient,0.9374527899292819,0.9374527899292819,train_and_validation
gradient.magnitude_mean.p10,edge_gradient,texture.glcm_contrast.mean,texture,0.9373937348074319,0.9373937348074319,train_and_validation
stroke.width_median.mean,stroke_shape,stroke.width_p90.mean,stroke_shape,0.9373472832090061,0.9373472832090061,train_and_validation
sharpness.tenengrad_mean.min,contrast_sharpness,texture.glcm_contrast.min,texture,0.9372302456124018,0.9372302456124018,train_and_validation
gradient.magnitude_p90.p90,edge_gradient,sharpness.tenengrad_mean.median,contrast_sharpness,0.937114775017537,0.937114775017537,train_and_validation
shape.compactness_mean.mean,stroke_shape,shape.compactness_mean.median,stroke_shape,0.9369964431906566,0.9369964431906566,train_and_validation
texture.glcm_contrast.max,texture,texture.glcm_contrast.median,texture,0.9369770120682238,0.9369770120682238,train_and_validation
gradient.magnitude_mean.p10,edge_gradient,texture.glcm_contrast.median,texture,0.9366315566461592,0.9366315566461592,train_and_validation
sharpness.laplacian_variance.std,contrast_sharpness,texture.glcm_contrast.median,texture,0.9365225330819165,0.9365225330819165,train_and_validation
gradient.magnitude_std.mean,edge_gradient,sharpness.tenengrad_mean.median,contrast_sharpness,0.9355807759839274,0.9355807759839274,train_and_validation
edge.canny_density.median,edge_gradient,stroke.valid_fraction.median,stroke_shape,0.935551129059821,0.935551129059821,train_and_validation
gradient.magnitude_std.max,edge_gradient,gradient.magnitude_std.p10,edge_gradient,0.9355064712587494,0.9355064712587494,train_and_validation
gradient.magnitude_p90.median,edge_gradient,sharpness.tenengrad_mean.median,contrast_sharpness,0.9352095025798305,0.9352095025798305,train_and_validation
gradient.magnitude_std.p90,edge_gradient,sharpness.tenengrad_mean.median,contrast_sharpness,0.9349604006440483,0.9349604006440483,train_and_validation
shape.hole_count.mean,stroke_shape,shape.hole_count.p90,stroke_shape,0.9347789791264589,0.9347789791264589,train_and_validation
gradient.magnitude_p90.mean,edge_gradient,sharpness.tenengrad_mean.p10,contrast_sharpness,0.9346141008224914,0.9346141008224914,train_and_validation
gradient.magnitude_p90.p90,edge_gradient,sharpness.tenengrad_mean.p90,contrast_sharpness,0.9340949010986332,0.9340949010986332,train_and_validation
gradient.magnitude_std.p90,edge_gradient,sharpness.tenengrad_mean.p90,contrast_sharpness,0.9339649728520596,0.9339649728520596,train_and_validation
sharpness.laplacian_variance.median,contrast_sharpness,texture.glcm_contrast.max,texture,0.9335652705575183,0.9335652705575183,train_and_validation
contrast.gray_std.p10,contrast_sharpness,contrast.gray_std.p90,contrast_sharpness,0.9334281202117581,0.9334281202117581,train_and_validation
contrast.gray_std.median,contrast_sharpness,contrast.p10_p90_range.p10,contrast_sharpness,0.9326039847297851,0.9326039847297851,train_and_validation
sharpness.laplacian_variance.iqr,contrast_sharpness,texture.glcm_contrast.mean,texture,0.9324134235544941,0.9324134235544941,train_and_validation
edge.canny_density.p10,edge_gradient,stroke.valid_fraction.p10,stroke_shape,0.9324103818368225,0.9324103818368225,train_and_validation
stroke.width_std.median,stroke_shape,stroke.width_std.p90,stroke_shape,0.9319755981096236,0.9319755981096236,train_and_validation
sharpness.laplacian_variance.min,contrast_sharpness,sharpness.laplacian_variance.p10,contrast_sharpness,0.9317769582650749,0.9317769582650749,train_and_validation
sharpness.laplacian_variance.p10,contrast_sharpness,sharpness.laplacian_variance.std,contrast_sharpness,0.931572729485927,0.931572729485927,train_and_validation
gradient.magnitude_p90.p90,edge_gradient,sharpness.tenengrad_mean.p10,contrast_sharpness,0.9314600501685885,0.9314600501685885,train_and_validation
sharpness.tenengrad_mean.p10,contrast_sharpness,texture.glcm_contrast.mean,texture,0.931445821209302,0.931445821209302,train_and_validation
edge.canny_density.mean,edge_gradient,edge.canny_density.p10,edge_gradient,0.9313769752750697,0.9313769752750697,train_and_validation
gradient.magnitude_mean.p10,edge_gradient,sharpness.tenengrad_mean.p90,contrast_sharpness,0.931321555406382,0.931321555406382,train_and_validation
stroke.width_median.mean,stroke_shape,stroke.width_median.p10,stroke_shape,0.9310645749049652,0.9310645749049652,train_and_validation
stroke.width_std.mean,stroke_shape,stroke.width_std.p10,stroke_shape,0.9308640765246508,0.9308640765246508,train_and_validation
sharpness.laplacian_variance.max,contrast_sharpness,texture.glcm_contrast.p10,texture,0.9307186508575656,0.9307186508575656,train_and_validation
gradient.magnitude_p90.p10,edge_gradient,sharpness.tenengrad_mean.p10,contrast_sharpness,0.9307158328812208,0.9307158328812208,train_and_validation
sharpness.laplacian_variance.iqr,contrast_sharpness,texture.glcm_contrast.std,texture,0.9306108260094647,0.9306108260094647,train_and_validation
sharpness.laplacian_variance.iqr,contrast_sharpness,texture.glcm_contrast.median,texture,0.9304789043178153,0.9304789043178153,train_and_validation
texture.glcm_contrast.p90,texture,texture.glcm_contrast.std,texture,0.930443386557213,0.930443386557213,train_and_validation
gradient.magnitude_std.median,edge_gradient,sharpness.tenengrad_mean.p90,contrast_sharpness,0.9303793943211849,0.9303793943211849,train_and_validation
gradient.magnitude_std.p90,edge_gradient,sharpness.tenengrad_mean.p10,contrast_sharpness,0.9300987093072295,0.9300987093072295,train_and_validation
gradient.magnitude_p90.mean,edge_gradient,sharpness.tenengrad_mean.mean,contrast_sharpness,0.9298369421532704,0.9298369421532704,train_and_validation
gradient.magnitude_mean.iqr,edge_gradient,sharpness.tenengrad_mean.iqr,contrast_sharpness,0.9297898081047516,0.9297898081047516,train_and_validation
sharpness.tenengrad_mean.p10,contrast_sharpness,texture.glcm_contrast.median,texture,0.9297700425338925,0.9297700425338925,train_and_validation
geometry.height_ratio.median,geometry_density,geometry.height_ratio.p10,geometry_density,0.9296825897332166,0.9296825897332166,train_and_validation
sharpness.laplacian_variance.p10,contrast_sharpness,texture.glcm_contrast.max,texture,0.9293357331056523,0.9293357331056523,train_and_validation
gradient.magnitude_mean.p90,edge_gradient,texture.glcm_contrast.p10,texture,0.9290234178801294,0.9290234178801294,train_and_validation
sharpness.laplacian_variance.min,contrast_sharpness,texture.glcm_contrast.min,texture,0.9283824257100056,0.9283824257100056,train_and_validation
texture.gray_entropy.min,texture,texture.gray_entropy.p10,texture,0.9282809291281929,0.9282809291281929,train_and_validation
texture.glcm_contrast.max,texture,texture.glcm_contrast.p10,texture,0.9279030322087742,0.9279030322087742,train_and_validation
edge.canny_density.p90,edge_gradient,stroke.valid_fraction.p90,stroke_shape,0.9278655455667876,0.9278655455667876,train_and_validation
contrast.local_ring_delta.median,contrast_sharpness,contrast.local_ring_delta.p10,contrast_sharpness,0.9276434439366421,0.9276434439366421,train_and_validation
geometry.area_ratio.mean,geometry_density,geometry.width_ratio.mean,geometry_density,0.927298626480326,0.927298626480326,train_and_validation
edge.canny_density.mean,edge_gradient,stroke.valid_fraction.p90,stroke_shape,0.9272907855316287,0.9272907855316287,train_and_validation
gradient.magnitude_p90.p10,edge_gradient,gradient.magnitude_std.max,edge_gradient,0.92639492720415,0.92639492720415,train_and_validation
gradient.magnitude_p90.max,edge_gradient,gradient.magnitude_std.p10,edge_gradient,0.9261762650495169,0.9261762650495169,train_and_validation
edge.canny_density.median,edge_gradient,edge.canny_density.p90,edge_gradient,0.925986168898938,0.925986168898938,train_and_validation
sharpness.laplacian_variance.p90,contrast_sharpness,sharpness.tenengrad_mean.p90,contrast_sharpness,0.925793735522688,0.925793735522688,train_and_validation
sharpness.laplacian_variance.p90,contrast_sharpness,texture.glcm_contrast.std,texture,0.924955975328435,0.924955975328435,train_and_validation
sharpness.laplacian_variance.mean,contrast_sharpness,sharpness.laplacian_variance.min,contrast_sharpness,0.9245972876696217,0.9245972876696217,train_and_validation
gradient.magnitude_p90.mean,edge_gradient,sharpness.tenengrad_mean.median,contrast_sharpness,0.9243515111240858,0.9243515111240858,train_and_validation
geometry.center_y.mean,geometry_density,geometry.center_y.median,geometry_density,0.923937079295237,0.923937079295237,train_and_validation
gradient.magnitude_mean.min,edge_gradient,texture.glcm_contrast.min,texture,0.9238931079116495,0.9238931079116495,train_and_validation
sharpness.laplacian_variance.iqr,contrast_sharpness,sharpness.laplacian_variance.max,contrast_sharpness,0.922848907194734,0.922848907194734,train_and_validation
gradient.magnitude_std.p10,edge_gradient,sharpness.tenengrad_mean.mean,contrast_sharpness,0.9227217869903933,0.9227217869903933,train_and_validation
sharpness.laplacian_variance.min,contrast_sharpness,texture.glcm_contrast.p10,texture,0.9225955641674738,0.9225955641674738,train_and_validation
sharpness.laplacian_variance.iqr,contrast_sharpness,sharpness.laplacian_variance.p10,contrast_sharpness,0.9224064153698457,0.9224064153698457,train_and_validation
texture.lbp_uniform_fraction.iqr,texture,texture.lbp_uniform_fraction.std,texture,0.9223613376824433,0.9223613376824433,train_and_validation
sharpness.laplacian_variance.mean,contrast_sharpness,sharpness.tenengrad_mean.p90,contrast_sharpness,0.9223526916939171,0.9223526916939171,train_and_validation
sharpness.laplacian_variance.median,contrast_sharpness,sharpness.laplacian_variance.min,contrast_sharpness,0.9222433734176947,0.9222433734176947,train_and_validation
geometry.aspect_ratio.mean,geometry_density,geometry.aspect_ratio.p90,geometry_density,0.9221396973884767,0.9221396973884767,train_and_validation
geometry.height_ratio.mean,geometry_density,geometry.height_ratio.p10,geometry_density,0.921786130881322,0.921786130881322,train_and_validation
shape.solidity_mean.mean,stroke_shape,shape.solidity_mean.median,stroke_shape,0.9215062689542851,0.9215062689542851,train_and_validation
edge.canny_density.median,edge_gradient,stroke.valid_fraction.mean,stroke_shape,0.9210913705000302,0.9210913705000302,train_and_validation
texture.lbp_uniform_fraction.min,texture,texture.lbp_uniform_fraction.p10,texture,0.9205326495063721,0.9205326495063721,train_and_validation
geometry.width_ratio.mean,geometry_density,geometry.width_ratio.p90,geometry_density,0.9204755671942816,0.9204755671942816,train_and_validation
gradient.magnitude_p90.max,edge_gradient,gradient.magnitude_p90.p10,edge_gradient,0.9202765948090426,0.9202765948090426,train_and_validation
gradient.magnitude_mean.p10,edge_gradient,texture.glcm_contrast.p90,texture,0.919827986882734,0.919827986882734,train_and_validation
sharpness.laplacian_variance.mean,contrast_sharpness,sharpness.tenengrad_mean.mean,contrast_sharpness,0.9195748524718189,0.9195748524718189,train_and_validation
sharpness.laplacian_variance.min,contrast_sharpness,texture.glcm_contrast.mean,texture,0.9192423974905639,0.9192423974905639,train_and_validation
gradient.magnitude_mean.p90,edge_gradient,sharpness.tenengrad_mean.p10,contrast_sharpness,0.919181660331794,0.919181660331794,train_and_validation
sharpness.laplacian_variance.median,contrast_sharpness,sharpness.tenengrad_mean.p90,contrast_sharpness,0.9191201814260193,0.9191201814260193,train_and_validation
gradient.orientation_entropy.mean,edge_gradient,gradient.orientation_entropy.p90,edge_gradient,0.9189482087074741,0.9189482087074741,train_and_validation
sharpness.tenengrad_mean.max,contrast_sharpness,sharpness.tenengrad_mean.p90,contrast_sharpness,0.9188653648388607,0.9188653648388607,train_and_validation
gradient.magnitude_std.mean,edge_gradient,sharpness.tenengrad_mean.p90,contrast_sharpness,0.9182174057822358,0.9182174057822358,train_and_validation
gradient.magnitude_mean.p90,edge_gradient,sharpness.laplacian_variance.p90,contrast_sharpness,0.9180863880947486,0.9180863880947486,train_and_validation
gradient.magnitude_p90.min,edge_gradient,texture.glcm_contrast.min,texture,0.9178197993131284,0.9178197993131284,train_and_validation
geometry.center_x.mean,geometry_density,geometry.center_x.median,geometry_density,0.9176915829670275,0.9176915829670275,train_and_validation
sharpness.laplacian_variance.median,contrast_sharpness,sharpness.tenengrad_mean.mean,contrast_sharpness,0.9176615690545269,0.9176615690545269,train_and_validation
sharpness.laplacian_variance.p90,contrast_sharpness,sharpness.tenengrad_mean.mean,contrast_sharpness,0.9171129809169688,0.9171129809169688,train_and_validation
sharpness.laplacian_variance.mean,contrast_sharpness,sharpness.tenengrad_mean.median,contrast_sharpness,0.9169820294568929,0.9169820294568929,train_and_validation
gradient.magnitude_std.p10,edge_gradient,sharpness.tenengrad_mean.median,contrast_sharpness,0.9168918674593469,0.9168918674593469,train_and_validation
contrast.gray_std.p10,contrast_sharpness,contrast.p10_p90_range.p90,contrast_sharpness,0.9168681709374064,0.9168681709374064,train_and_validation
gradient.magnitude_p90.median,edge_gradient,sharpness.tenengrad_mean.p90,contrast_sharpness,0.9167567013834813,0.9167567013834813,train_and_validation
gradient.magnitude_mean.mean,edge_gradient,sharpness.laplacian_variance.p90,contrast_sharpness,0.9167469519496291,0.9167469519496291,train_and_validation
sharpness.laplacian_variance.median,contrast_sharpness,sharpness.tenengrad_mean.median,contrast_sharpness,0.9165406303842886,0.9165406303842886,train_and_validation
sharpness.tenengrad_mean.iqr,contrast_sharpness,texture.glcm_contrast.iqr,texture,0.9165243682434795,0.9165243682434795,train_and_validation
gradient.magnitude_mean.mean,edge_gradient,sharpness.laplacian_variance.mean,contrast_sharpness,0.9164202355735506,0.9164202355735506,train_and_validation
texture.gray_entropy.median,texture,texture.gray_entropy.p90,texture,0.9163786315138632,0.9163786315138632,train_and_validation
texture.glcm_contrast.iqr,texture,texture.glcm_contrast.std,texture,0.9161556007726884,0.9161556007726884,train_and_validation
sharpness.laplacian_variance.p10,contrast_sharpness,sharpness.tenengrad_mean.mean,contrast_sharpness,0.9160784723296578,0.9160784723296578,train_and_validation
sharpness.laplacian_variance.min,contrast_sharpness,sharpness.laplacian_variance.p90,contrast_sharpness,0.9157935620068707,0.9157935620068707,train_and_validation
sharpness.tenengrad_mean.max,contrast_sharpness,sharpness.tenengrad_mean.mean,contrast_sharpness,0.9153798062556823,0.9153798062556823,train_and_validation
gradient.magnitude_mean.min,edge_gradient,gradient.magnitude_std.min,edge_gradient,0.9152332946653555,0.9152332946653555,train_and_validation
texture.gray_entropy.mean,texture,texture.gray_entropy.p90,texture,0.9150657757402105,0.9150657757402105,train_and_validation
geometry.width_ratio.p90,geometry_density,geometry.width_ratio.std,geometry_density,0.9148308077553982,0.9148308077553982,train_and_validation
sharpness.laplacian_variance.min,contrast_sharpness,texture.glcm_contrast.median,texture,0.9145542749528991,0.9145542749528991,train_and_validation
texture.lbp_entropy.iqr,texture,texture.lbp_entropy.std,texture,0.9145482879949307,0.9145482879949307,train_and_validation
shape.component_aspect_median.median,stroke_shape,shape.component_aspect_median.p90,stroke_shape,0.9144617917437653,0.9144617917437653,train_and_validation
gradient.magnitude_mean.mean,edge_gradient,sharpness.laplacian_variance.median,contrast_sharpness,0.9143787027745577,0.9143787027745577,train_and_validation
gradient.magnitude_mean.std,edge_gradient,texture.glcm_contrast.std,texture,0.9140843682911632,0.9140843682911632,train_and_validation
sharpness.laplacian_variance.std,contrast_sharpness,texture.glcm_contrast.p10,texture,0.9140198131221403,0.9140198131221403,train_and_validation
sharpness.laplacian_variance.p90,contrast_sharpness,sharpness.tenengrad_mean.median,contrast_sharpness,0.9139506915731183,0.9139506915731183,train_and_validation
contrast.gray_std.min,contrast_sharpness,contrast.p10_p90_range.min,contrast_sharpness,0.9133510842945128,0.9133510842945128,train_and_validation
sharpness.laplacian_variance.p10,contrast_sharpness,sharpness.tenengrad_mean.p90,contrast_sharpness,0.913306590263193,0.913306590263193,train_and_validation
sharpness.tenengrad_mean.p10,contrast_sharpness,texture.glcm_contrast.p90,texture,0.9131823906876843,0.9131823906876843,train_and_validation
geometry.orientation.max,geometry_density,geometry.orientation.std,geometry_density,0.9129618691043668,0.9129618691043668,train_and_validation
sharpness.laplacian_variance.p10,contrast_sharpness,sharpness.tenengrad_mean.median,contrast_sharpness,0.9127521840475651,0.9127521840475651,train_and_validation
sharpness.laplacian_variance.mean,contrast_sharpness,texture.glcm_contrast.std,texture,0.9118986153702695,0.9118986153702695,train_and_validation
edge.canny_density.median,edge_gradient,edge.canny_density.p10,edge_gradient,0.9108732706881275,0.9108732706881275,train_and_validation
gradient.magnitude_mean.p90,edge_gradient,sharpness.laplacian_variance.mean,contrast_sharpness,0.910786355802263,0.910786355802263,train_and_validation
gradient.magnitude_mean.median,edge_gradient,sharpness.laplacian_variance.median,contrast_sharpness,0.9101366218510191,0.9101366218510191,train_and_validation
gradient.magnitude_mean.median,edge_gradient,sharpness.laplacian_variance.mean,contrast_sharpness,0.9101314594243195,0.9101314594243195,train_and_validation
edge.boundary_continuity.p90,edge_gradient,edge.boundary_continuity.std,edge_gradient,0.9100318962843937,0.9100318962843937,train_and_validation
geometry.area_ratio.std,geometry_density,geometry.width_ratio.std,geometry_density,0.9097200348780038,0.9097200348780038,train_and_validation
gradient.magnitude_std.min,edge_gradient,texture.glcm_contrast.min,texture,0.9095459326486631,0.9095459326486631,train_and_validation
gradient.magnitude_mean.median,edge_gradient,sharpness.laplacian_variance.p90,contrast_sharpness,0.9095086734066744,0.9095086734066744,train_and_validation
edge.canny_density.p10,edge_gradient,stroke.valid_fraction.mean,stroke_shape,0.9093586856300679,0.9093586856300679,train_and_validation
texture.glcm_contrast.mean,texture,texture.glcm_contrast.std,texture,0.9093242996053906,0.9093242996053906,train_and_validation
sharpness.laplacian_variance.min,contrast_sharpness,texture.glcm_contrast.p90,texture,0.909013457939766,0.909013457939766,train_and_validation
gradient.magnitude_mean.mean,edge_gradient,sharpness.laplacian_variance.p10,contrast_sharpness,0.9088081132287399,0.9088081132287399,train_and_validation
gradient.orientation_entropy.min,edge_gradient,gradient.orientation_entropy.std,edge_gradient,-0.9087482270922034,0.9087482270922034,train_and_validation
edge.canny_density.min,edge_gradient,stroke.valid_fraction.min,stroke_shape,0.9086011355613636,0.9086011355613636,train_and_validation
geometry.area_ratio.max,geometry_density,geometry.area_ratio.std,geometry_density,0.9085965528816718,0.9085965528816718,train_and_validation
stroke.width_p90.mean,stroke_shape,stroke.width_std.p90,stroke_shape,0.9082035211356884,0.9082035211356884,train_and_validation
geometry.area_ratio.p90,geometry_density,geometry.width_ratio.p90,geometry_density,0.9079329203564125,0.9079329203564125,train_and_validation
shape.solidity_mean.mean,stroke_shape,shape.solidity_mean.p90,stroke_shape,0.907799592277566,0.907799592277566,train_and_validation
shape.solidity_mean.max,stroke_shape,shape.solidity_mean.std,stroke_shape,0.9073356924420218,0.9073356924420218,train_and_validation
gradient.magnitude_p90.p10,edge_gradient,sharpness.tenengrad_mean.mean,contrast_sharpness,0.9070385300481711,0.9070385300481711,train_and_validation
gradient.magnitude_mean.p90,edge_gradient,sharpness.laplacian_variance.median,contrast_sharpness,0.9070070985188372,0.9070070985188372,train_and_validation
gradient.magnitude_p90.mean,edge_gradient,sharpness.tenengrad_mean.p90,contrast_sharpness,0.9068647128962254,0.9068647128962254,train_and_validation
texture.lbp_entropy.max,texture,texture.lbp_entropy.p10,texture,0.9066508645856072,0.9066508645856072,train_and_validation
edge.canny_density.p10,edge_gradient,stroke.valid_fraction.median,stroke_shape,0.9063754244402762,0.9063754244402762,train_and_validation
sharpness.laplacian_variance.iqr,contrast_sharpness,texture.glcm_contrast.max,texture,0.9063001076592796,0.9063001076592796,train_and_validation
gradient.magnitude_p90.max,edge_gradient,sharpness.tenengrad_mean.max,contrast_sharpness,0.9060678911761776,0.9060678911761776,train_and_validation
sharpness.tenengrad_mean.p90,contrast_sharpness,texture.glcm_contrast.max,texture,0.9056919347199057,0.9056919347199057,train_and_validation
contrast.gray_std.min,contrast_sharpness,gradient.magnitude_std.min,edge_gradient,0.9055012660031916,0.9055012660031916,train_and_validation
geometry.area_ratio.p90,geometry_density,geometry.width_ratio.mean,geometry_density,0.9051998208528559,0.9051998208528559,train_and_validation
sharpness.laplacian_variance.median,contrast_sharpness,texture.glcm_contrast.std,texture,0.9046209844996069,0.9046209844996069,train_and_validation
sharpness.laplacian_variance.iqr,contrast_sharpness,texture.glcm_contrast.p10,texture,0.9042883805066768,0.9042883805066768,train_and_validation
sharpness.tenengrad_mean.max,contrast_sharpness,sharpness.tenengrad_mean.median,contrast_sharpness,0.9037605546625157,0.9037605546625157,train_and_validation
gradient.magnitude_mean.p90,edge_gradient,texture.glcm_contrast.max,texture,0.9035076619816513,0.9035076619816513,train_and_validation
gradient.magnitude_p90.p10,edge_gradient,gradient.magnitude_std.min,edge_gradient,0.9034403451295832,0.9034403451295832,train_and_validation
stroke.width_iqr.mean,stroke_shape,stroke.width_iqr.median,stroke_shape,0.902683228755289,0.902683228755289,train_and_validation
gradient.magnitude_mean.p10,edge_gradient,sharpness.laplacian_variance.p10,contrast_sharpness,0.9024617324772867,0.9024617324772867,train_and_validation
sharpness.laplacian_variance.std,contrast_sharpness,texture.glcm_contrast.iqr,texture,0.9022459172125571,0.9022459172125571,train_and_validation
sharpness.laplacian_variance.p10,contrast_sharpness,sharpness.tenengrad_mean.p10,contrast_sharpness,0.9020856137638574,0.9020856137638574,train_and_validation
gradient.magnitude_mean.median,edge_gradient,sharpness.laplacian_variance.p10,contrast_sharpness,0.9018592981430894,0.9018592981430894,train_and_validation
texture.gray_entropy.iqr,texture,texture.gray_entropy.std,texture,0.9017829743631043,0.9017829743631043,train_and_validation
stroke.width_p90.mean,stroke_shape,stroke.width_std.mean,stroke_shape,0.9015167025914045,0.9015167025914045,train_and_validation
gradient.magnitude_mean.mean,edge_gradient,texture.glcm_contrast.max,texture,0.9014671755757546,0.9014671755757546,train_and_validation
gradient.magnitude_p90.p10,edge_gradient,sharpness.tenengrad_mean.median,contrast_sharpness,0.900670390280783,0.900670390280783,train_and_validation
shape.component_count.mean,stroke_shape,shape.component_count.std,stroke_shape,0.9006035810484974,0.9006035810484974,train_and_validation
texture.glcm_contrast.median,texture,texture.glcm_contrast.std,texture,0.9005427170775592,0.9005427170775592,train_and_validation
gradient.magnitude_std.max,edge_gradient,sharpness.tenengrad_mean.mean,contrast_sharpness,0.9001173192926453,0.9001173192926453,train_and_validation
